scene,split,furnished,navmesh_quality,large_holes,portals_blocked,low_interactive_potential,doors_scanned_closed,unfurnished,num_floors,overall_scene_quality,diversity,num_rooms,navigable_area,navigation_complexity,scene_clutter,floor_space
00000-kfPV7w3FaU5,train,TRUE,0,0,0,0,0,0,2,2,1,11,43.52,5.74,5.78,131.77
00001-UVdNNRcVyV1,train,TRUE,1,1,1,0,1,0,2,0,1,27,209.55,11.71,4.26,1112.76
00002-FxCkHAfgh7A,train,TRUE,0,0,0,1,0,0,2,1,1,8,113.41,21.5,3.28,250.24
00003-NtVbfPCkBFy,train,TRUE,0,0,0,0,0,0,3,2,1,22,217.33,32.08,3.84,798.37
00004-VqCaAuuoeWk,train,TRUE,0,0,0,0,0,0,2,2,1,9,117.01,18.1,3.41,268.3
00005-yPKGKBCyYx8,train,TRUE,0,0,0,0,0,0,1,2,1,6,77.96,9.62,3.14,382.02
00006-HkseAnWCgqk,train,TRUE,0,0,0,0,0,0,2,2,1,5,89.36,3.46,3.63,183.36
00007-UQuchpekHRJ,train,TRUE,1,0,0,0,0,0,2,1,1,8,100.14,9.03,2.88,277.67
00008-VYnUX657cVo,train,TRUE,0,0,0,0,0,0,3,2,1,18,267.54,12.7,3.13,1017.69
00009-vLpv2VX547B,train,TRUE,0,1,0,0,0,0,2,2,1,18,95.39,10.81,4.47,410.18
00010-DBjEcHFg4oq,train,TRUE,0,0,0,0,0,0,1,2,1,9,98.38,10.37,3.23,251.65
00011-1W61QJVDBqe,train,TRUE,1,1,0,0,1,0,3,1,1,11,284.34,18.98,2.72,494.98
00012-kDgLKdMd5X8,train,TRUE,0,2,0,0,0,0,2,1,1,14,125.48,14.84,3.77,298.65
00013-sfbj7jspYWj,train,TRUE,0,0,0,0,0,0,1,2,1,6,66.11,15.84,2.97,194.27
00014-nYYcLpSzihC,train,TRUE,0,0,0,0,0,0,1,2,4,6,236.69,17.28,3.26,1276.36
00015-LPwS1aEGXBb,train,TRUE,0,0,0,0,,0,2,2,1,19,190.72,7.64,3.91,612.8
00016-qk9eeNeR4vw,train,TRUE,0,1,1,0,0,0,1,1,1,10,92.8,11.74,3.21,202.77
00017-oEPjPNSPmzL,train,TRUE,0,0,0,0,0,0,1,2,1,6,43.57,5.45,3.09,212.73
00018-as8Y8AYx6yW,train,TRUE,0,1,1,0,0,0,3,1,1,19,255.6,8.27,3.76,656.76
00019-AfKhsVmG8L4,train,TRUE,0,1,0,0,0,0,2,1,1,10,86.39,10.25,4.59,196.13
00020-XYyR54sxe6b,train,TRUE,0,1,0,0,1,0,2,1,1,9,45.38,17.51,5.38,126.77
00021-yQESfVcg18k,train,TRUE,0,0,0,1,0,0,3,1,1,16,150.4,14.2,3.09,732.53
00022-gmuS7Wgsbrx,train,TRUE,0,0,0,0,0,0,2,2,1,15,323.92,24.54,2.62,951.03
00023-zepmXAdrpjR,train,TRUE,1,1,0,0,1,0,1,2,1,8,78.73,15.6,3.01,187.66
00024-XNoaAZwsWKk,train,TRUE,0,0,1,0,1,0,2,1,3,14,176.6,5.29,3.19,280.14
00025-ixTj1aTMup2,train,TRUE,0,0,0,0,0,0,3,2,1,15,117.65,15.04,4.29,315.69
00026-tzaZQQmUVXZ,train,TRUE,0,1,0,0,0,0,2,1,1,9,46.44,9.45,4.06,97.46
00027-cVppJowrUqs,train,TRUE,0,0,0,0,0,0,1,2,1,11,55.29,9.04,3.85,292.69
00028-xGnehmjiCSA,train,TRUE,0,1,0,0,0,0,1,1,1,11,121.01,13.42,3.15,245.5
00029-4wCTuaUNWEd,train,TRUE,0,1,0,0,0,0,2,1,1,8,57.77,8.03,3.67,194.14
00030-LPEMkRVudUm,train,TRUE,0,1,0,0,0,0,1,1,1,13,48.3,26.25,4.43,170.4
00031-Wo6kuutE9i7,train,TRUE,0,0,0,0,0,0,1,2,2,6,51,9.23,3.75,120.95
00032-jTTGECZYKRA,train,TRUE,0,1,1,0,0,0,2,1,1,13,154.04,22.69,3.35,335.48
00033-oPj9qMxrDEa,train,TRUE,0,0,0,0,0,0,1,2,1,7,77.51,21.53,3.33,163.75
00034-6imZUJGRUq4,train,TRUE,1,0,0,0,1,0,2,1,1,9,190.79,23.12,3.43,645.02
00035-3XYAD64HpDr,train,TRUE,0,1,0,0,0,0,3,2,1,11,59.7,2.86,5.91,142.52
00036-41FNXLAZZgC,train,TRUE,0,0,0,0,0,0,1,2,1,7,42.9,13.44,4.19,115.7
00037-oKFJo8jpzRW,train,TRUE,0,0,0,0,1,0,2,2,1,13,98.87,13.82,4.31,229.52
00038-aJg466zMSNt,train,TRUE,0,1,1,0,0,0,2,1,1,11,93.76,8.26,3.54,316.21
00039-ANmWrL7Kz7h,train,TRUE,0,0,0,0,0,0,3,2,1,14,153.27,25.31,3.89,368.88
00040-ZB8o8rMmPdB,train,TRUE,0,2,0,0,0,0,3,0,1,19,193.92,19.35,4.2,434.56
00041-QKfBMSSy7Hy,train,TRUE,0,1,0,0,1,0,3,1,1,15,224.3,13.08,3.15,380.47
00042-qDjhFcNqFPi,train,TRUE,0,1,0,0,0,0,2,1,1,11,74.37,20.16,4.63,175.73
00043-Jfyvj3xn2aJ,train,TRUE,0,1,0,0,0,0,2,2,1,14,79.17,12.3,5.88,293.19
00044-kuxpR2xHUBa,train,TRUE,0,1,0,0,0,0,2,1,1,5,41.95,8.18,4.01,222.4
00045-mt5PhMmTk5m,train,TRUE,0,0,0,0,0,0,3,2,1,16,83.38,7.9,6.44,241.01
00046-UQ5EhY5wve1,train,TRUE,0,1,0,0,0,0,2,1,1,19,254.69,11.78,3.08,505.72
00047-u9LiqMn6kA6,train,TRUE,0,0,0,0,0,0,1,2,1,10,193.33,18.53,3.34,959.42
00048-aKwZ7VJDAjr,train,TRUE,0,0,0,0,0,0,1,2,1,8,61.25,16.81,4.02,295.53
00049-e3YKRHQRPNe,train,TRUE,0,1,0,0,0,0,1,1,1,10,61.37,14.04,3.68,326.95
00050-wrq3kiEU4VR,train,TRUE,0,1,0,0,0,0,2,1,1,21,234.92,18.68,3.9,1247
00051-CETmJJqkhcK,train,TRUE,0,0,0,0,0,0,1,2,1,6,45.34,16.23,3.61,122.12
00052-H1D2FZ8TAv1,train,TRUE,0,0,0,0,0,0,3,2,1,15,87.7,7.92,4.18,205.21
00053-kAMF2R7PCqX,train,TRUE,0,0,0,0,0,0,2,2,1,21,179.34,12.52,4.34,813.79
00054-6BReaxZUoMg,train,TRUE,0,0,0,1,0,0,1,1,1,9,68.95,22.74,3.64,283.75
00055-HxmXPBbFCkH,train,TRUE,0,1,0,0,1,0,3,1,1,10,73.17,13.5,5,228.99
00056-kdw2Uapns3b,train,TRUE,1,0,1,0,1,0,3,2,1,19,163.44,9.97,5.06,415.78
00057-1UnKg1rAb8A,train,TRUE,0,0,0,0,0,0,2,2,1,7,50.67,5.46,3.71,142.14
00058-1hovphK64XQ,train,TRUE,0,0,0,0,0,0,1,2,1,7,52.82,11.46,4.06,438.4
00059-kJxT5qssH4H,train,TRUE,0,1,0,0,0,0,2,1,1,5,57.04,7.04,3.68,185.94
00060-TgWKHxhJAng,train,TRUE,0,0,1,0,0,0,3,2,1,12,141.5,6.21,4.63,330.19
00061-duthTPisf28,train,TRUE,0,1,0,0,0,0,2,2,1,13,129.04,12.49,3.51,480.14
00062-ACZZiU6BXLz,train,TRUE,0,1,0,0,0,0,2,2,1,9,60.82,16.2,4.6,257.34
00063-KsD3yx9nZCv,train,TRUE,0,0,0,0,0,0,2,2,4,6,130.11,6.42,4.01,1110.18
00064-gQgtJ9Stk5s,train,TRUE,0,1,1,0,0,0,3,2,1,15,125.93,9.94,4.72,631.15
00065-kZhZfAhdnNN,train,TRUE,0,1,0,0,1,0,2,1,1,9,73.66,12.75,4.44,152.58
00066-nHHVbEyHX3t,train,TRUE,0,1,0,0,0,0,1,2,1,7,59.82,6.63,3.41,161.05
00067-osQy15y8EVT,train,TRUE,0,0,0,0,1,0,1,2,2,9,82.4,37.93,3.53,316
00068-812QqCky3T7,train,TRUE,1,1,0,0,0,0,1,2,1,27,239.93,13.66,3.35,1270.54
00069-Y8Y6ukxGMvn,train,TRUE,0,0,0,0,0,0,1,2,1,7,94.45,9.83,3.1,206.42
00070-w7QyjJ3H9Bp,train,TRUE,0,0,0,0,0,0,2,2,1,9,68.39,8.26,3.44,126.02
00071-GCEb4nmNi7j,train,TRUE,0,0,0,0,0,0,1,2,3,11,173.58,14.9,3.6,895.24
00072-t8wCA6Qe8uT,train,TRUE,0,0,0,0,0,0,2,2,1,11,91.18,9.51,3.65,383.64
00073-bCFcvb4zc3N,train,TRUE,0,0,1,0,0,0,3,1,1,14,104.7,20.71,5.08,284.14
00074-kHvNo8x6Qoe,train,TRUE,0,0,0,0,0,0,3,2,1,11,54.36,20.87,6.58,163.97
00075-u3zrj4Nojev,train,TRUE,0,0,0,0,0,0,1,2,1,10,92.49,7.73,3.52,467.03
00076-fJ1GEE6PdHD,train,TRUE,0,0,1,0,1,0,2,1,1,7,107.09,16.39,3.38,426.45
00077-z9VLaZqCsW5,train,TRUE,0,0,0,0,0,0,3,2,1,9,70.14,8.07,3.67,199.04
00078-nJTPfwbAj4S,train,TRUE,0,1,0,0,0,0,3,1,1,14,190.96,7.51,3.92,601.15
00079-2ihrkjrbHVf,train,TRUE,0,0,0,0,0,0,1,2,1,10,104.66,19.16,3.5,451.39
00080-gPf8XzHACGn,train,TRUE,1,1,0,0,0,0,1,1,4,8,114.37,10.57,3.57,348.94
00081-5biL7VEkByM,train,TRUE,0,0,0,0,0,0,3,2,1,19,223.42,13.31,3.75,496.99
00082-y4YiUQwvWGH,train,TRUE,0,1,1,0,0,0,1,2,4,3,93.58,8.44,3.78,277
00083-16tymPtM7uS,train,TRUE,1,0,0,0,0,0,2,2,1,20,178.53,12.99,4.9,971.2
00084-CtZLhCbWFm7,train,TRUE,0,1,0,0,0,0,1,2,1,6,47.36,7.24,3.69,289.6
00085-KWoYKrff5L4,train,TRUE,0,0,2,0,0,0,3,0,1,10,65.99,7.39,4.82,238.37
00086-315QujoX279,train,TRUE,0,1,0,0,0,0,2,2,1,8,89.56,21.79,3.32,224.5
00087-YY8rqV6L6rf,train,TRUE,0,1,0,0,0,0,1,2,1,10,57.53,6.6,4.3,372.75
00088-z9w4aD7JsiQ,train,TRUE,0,0,0,1,0,0,1,2,1,6,46.53,14.44,3.39,133.52
00089-Am8wmPcBmtN,train,TRUE,0,1,0,0,0,0,1,2,1,6,39.31,14.62,4.48,203.66
00090-C8VQQtzUoqV,train,TRUE,0,0,0,0,0,0,1,2,1,6,55.55,11.74,2.88,113.64
00091-SA759ShSs44,train,TRUE,0,1,0,0,0,0,1,1,1,6,42.31,7.45,4.31,253.49
00092-1mCzDx3EMom,train,TRUE,0,1,0,1,0,0,1,2,4,1,75.92,5.71,3.17,218.95
00093-HneuS3CYDFG,train,TRUE,0,1,0,0,0,0,2,1,1,10,88.21,10.06,3.63,246.1
00094-WT4QWwXrMzs,train,TRUE,0,1,0,0,0,0,3,2,1,9,82.73,6.14,4.97,220.75
00095-HsYeeztxPG6,train,TRUE,0,1,0,0,0,0,3,1,1,9,81.19,7.15,3.76,179.01
00096-6HRFAUDqpTb,train,TRUE,0,1,0,0,0,0,2,1,1,11,90.9,6,4.73,557.9
00097-rPwrKEnR3fk,train,TRUE,0,0,0,0,0,0,1,2,1,8,54.84,11.69,3.98,136.35
00098-MVStfLiYYQv,train,TRUE,0,1,0,0,0,1,3,2,1,14,102.69,10.65,3.13,207.67
00099-226REUyJh2K,train,TRUE,0,0,0,0,0,0,1,2,1,7,176.62,8.32,2.97,420.58
00100-y3K5dmhuukt,train,TRUE,0,1,0,0,0,0,2,2,1,8,74.17,7.2,3.77,169.7
00101-n8AnEznQQpv,train,TRUE,1,0,0,0,0,0,2,1,1,7,58.32,8.7,5.54,149.83
00102-r77mpaAYUEc,train,TRUE,0,0,0,0,0,0,4,2,1,14,158.28,12.3,3.84,1073.04
00103-gUqgeUmUagL,train,TRUE,1,1,0,0,0,0,2,2,1,18,245.43,47.59,3.33,737.17
00104-KJxdMPgweZG,train,TRUE,0,1,0,0,0,0,2,1,1,13,116,19.91,4.13,264.65
00105-xWvSkKiWQpC,train,TRUE,0,0,0,0,0,0,1,2,2,4,94.28,15.16,3.37,451.53
00106-ZVScmfktNQ1,train,TRUE,0,0,0,0,1,0,1,2,1,7,91.44,7.81,3.23,208.62
00107-Y6WjWkVEUks,train,TRUE,0,0,0,0,0,0,1,2,1,12,131.27,13.39,2.91,300.6
00108-oStKKWkQ1id,train,TRUE,0,1,0,0,0,0,1,2,1,6,86.31,20.74,3.16,211.01
00109-GTV2Y73Sn5t,train,TRUE,0,0,0,0,0,0,2,2,1,12,76.17,15.3,5.17,266.42
00110-ikChNYDHtRf,train,TRUE,0,0,0,1,1,0,1,1,1,7,86.62,29.37,3.32,250.29
00111-AMEM2eWycTq,train,TRUE,0,0,0,0,0,0,1,2,2,1,112.26,25.16,3.35,241.73
00112-r38SGhq8aJr,train,TRUE,0,0,0,0,0,0,2,2,3,3,63.5,19.78,4.78,207.26
00113-3goH1WRaCYC,train,TRUE,0,1,0,0,0,0,1,1,1,9,138.31,12.89,2.96,580.12
00114-Coer9RdivP7,train,TRUE,0,0,0,0,0,0,2,2,5,3,116.34,16,2.68,365.23
00115-NBWrHFXBF5p,train,TRUE,1,0,0,0,0,0,1,1,4,7,190.67,8.09,2.95,811.5
00116-xp4FyfQ6Wr5,train,TRUE,0,0,0,0,0,0,1,2,1,11,78.33,6.8,4.13,462.48
00117-2NwLiyeKcrK,train,TRUE,0,1,0,0,1,0,3,0,3,12,134.44,7.86,4.09,1076.88
00118-F5j7ZLfMm1n,train,TRUE,0,0,0,0,0,0,1,2,1,7,71.51,12.58,3.22,159.27
00119-k17yptqNRAn,train,TRUE,0,1,0,0,0,0,2,2,1,14,97.58,7.62,4.87,334.92
00120-eAUmfFLZDR3,train,TRUE,0,1,0,0,1,0,3,1,1,19,249.46,10.1,3.61,910.44
00121-D2PqRE5ZvyQ,train,TRUE,0,1,0,0,0,0,2,1,1,10,124.51,20.88,3.59,371.73
00122-QDtpZSqaeyW,train,TRUE,1,1,1,1,0,0,2,1,1,14,171.56,7.42,3.27,772.14
00123-C3ifY177Ldq,train,TRUE,0,0,0,0,0,0,2,2,1,20,151.27,19.16,3.5,530.25
00124-GZRLndzSrdn,train,TRUE,0,0,1,0,0,0,2,2,1,14,232.26,12.33,2.98,957.62
00125-6acdNdTjNbr,train,TRUE,0,0,1,0,0,0,1,2,1,7,54.36,28.2,3.56,132.9
00126-dioA6agn1cP,train,TRUE,0,0,0,0,0,0,2,2,1,10,73.34,7.9,4.15,250.6
00127-EN7GiDgxdQ2,train,TRUE,0,0,1,0,0,0,3,2,1,19,209.08,11.32,3.75,695.25
00128-pAjDzi9kWjE,train,TRUE,0,1,0,0,0,0,1,2,1,6,34.06,4.42,4.21,233.41
00129-nd6Vw5SHCoy,train,TRUE,1,1,0,0,0,0,2,1,1,4,42.68,12.81,4.58,263.45
00130-MjzBosUX3WW,train,TRUE,0,1,0,0,0,0,1,2,1,9,79.79,28.42,3.85,193.24
00131-bZsfeA9uRk7,train,TRUE,0,0,0,0,0,0,1,2,1,9,94.23,11.62,3.23,296.41
00132-sWAdxSLVPQC,train,TRUE,0,1,0,0,0,0,2,1,1,9,68.61,7.75,4.08,160.24
00133-P3kZKzwnEbM,train,TRUE,0,1,0,0,0,0,1,1,1,6,41.31,10.7,3.88,113.84
00134-Mre6deDcPCP,train,TRUE,0,0,0,0,0,0,1,2,1,7,52.14,17.6,3.84,462.43
00135-HeSYRw7eMtG,train,TRUE,0,1,0,0,0,0,3,2,1,11,129.59,6.11,4.06,303.74
00136-z8SrvZ4eyqV,train,TRUE,0,0,0,0,0,0,1,2,1,12,109.32,23.77,3.41,504.64
00137-2tqbn5VLQoq,train,TRUE,0,0,0,0,0,0,2,2,1,9,71.38,8.56,4.07,312.93
00138-jAzZDvf6i67,train,TRUE,0,1,0,0,0,0,2,1,1,16,163.28,11.03,3.57,530.42
00139-Dj6sJyU7qmd,train,TRUE,0,1,0,1,0,0,3,0,1,22,197.9,18.01,3.92,663.28
00140-qWb4MVxqCW7,train,TRUE,1,1,0,0,0,0,2,1,1,11,106.17,6.13,3.62,363.81
00141-iigzG1rtanx,train,TRUE,1,1,0,0,0,0,4,1,1,16,261.4,10.08,3.47,675.71
00142-DwDDvGo9QdA,train,TRUE,0,0,0,0,0,0,1,2,1,14,175.38,11.93,3.29,735.24
00143-5Kw4nGdqYtS,train,TRUE,0,1,0,0,0,0,3,1,1,11,54.15,12.06,5.89,161.02
00144-7CXbc73tDRf,train,TRUE,1,2,1,0,1,0,3,0,1,10,89.99,10.84,4.52,207.72
00145-U8F9SkAsqbJ,train,TRUE,0,1,0,0,1,0,3,1,1,20,130.02,8.62,5.39,372.75
00146-BLhX6Do8f1t,train,TRUE,1,0,1,0,1,0,3,1,1,16,136.03,16.07,4.52,532.05
00147-TZ2jsvNG2nt,train,TRUE,0,0,1,0,0,0,2,1,1,15,151.26,18.9,3.4,384.54
00148-csHQLLFPE3g,train,TRUE,0,0,0,0,0,0,1,2,1,14,132.53,18.32,2.73,344.49
00149-UuwwmrTsfBN,train,TRUE,0,0,0,0,0,0,3,2,1,23,247.37,13.36,3.59,542.52
00150-LcAd9dhvVwh,train,TRUE,0,0,0,0,0,0,2,1,1,18,223.49,10.3,3.43,469.69
00151-D8bT1ambLFc,train,TRUE,0,0,0,0,0,0,1,2,1,15,146.39,24.91,3.47,391.15
00152-EgzWe8N3jZG,train,TRUE,0,0,0,0,0,0,2,2,1,11,92.37,17.73,3.6,227.78
00153-28FFMGySc6D,train,TRUE,0,1,0,0,0,0,1,2,1,10,73.91,13.54,5.04,235.24
00154-2dZ1Jivh5if,train,TRUE,0,1,0,0,0,0,1,2,1,6,69.26,8.64,3.59,372.27
00155-iLDo95ZbDJq,train,TRUE,0,0,0,0,0,0,1,2,1,9,105.52,11.43,3.09,240.89
00156-iQPq34e8hJX,train,TRUE,0,1,0,0,0,0,2,1,1,10,167.46,10.44,3.16,375.76
00157-3PiKdwyfEkX,train,TRUE,1,1,0,0,0,0,2,1,1,10,58.72,11.41,4.86,254.29
00158-YV9M9gZG3YJ,train,TRUE,0,0,0,0,0,0,1,2,1,9,57.03,24.71,4.13,134.34
00159-DfUQLukPMPc,train,TRUE,0,0,0,0,0,0,3,2,1,14,154.38,13.76,4.23,486.87
00160-7dmR22gwQpH,train,TRUE,0,1,0,0,0,0,1,1,1,9,122.48,24.56,2.97,270.8
00161-uFCiZVVks57,train,TRUE,0,0,0,0,0,0,1,2,1,13,106.05,8.91,3.61,267.32
00162-1sM6KvYg3J5,train,TRUE,0,0,0,0,0,0,3,2,1,15,239.84,8.36,3.69,1123.54
00163-uXh7Yr7x12L,train,TRUE,0,0,1,0,1,0,3,1,1,24,168.91,10.23,4.26,580.16
00164-XfUxBGTFQQb,train,TRUE,0,0,0,0,0,0,2,2,1,7,39.26,7.23,4.96,140.22
00165-N8oi63yAP2b,train,TRUE,0,0,0,0,0,0,3,2,1,17,162.73,20.12,4.59,431.71
00166-RaYrxWt5pR1,train,TRUE,0,0,0,0,0,0,1,2,1,7,48.28,11.92,3.23,220.18
00167-yogvKWUrdnw,train,TRUE,0,0,0,0,0,0,2,2,1,11,144.37,10,3.38,397.01
00168-bHKTDQFJxTw,train,TRUE,0,0,0,0,0,1,3,1,5,10,262.15,8.79,2.56,619.37
00169-3KZbo846fxq,train,TRUE,0,0,1,0,0,0,2,1,1,10,103.2,6.01,3.63,375.28
00170-S3r45BMWy6H,train,TRUE,0,0,0,0,0,0,1,2,1,6,60.34,13.92,2.96,295.72
00171-mWqBmEyXcXN,train,TRUE,0,1,0,0,0,0,2,2,1,15,192.65,14.46,3.08,479.98
00172-bB6nKqfsb1z,train,TRUE,1,0,1,0,0,0,2,1,1,16,238.92,19.74,2.99,439.57
00173-qZ4B7U6XE5Y,train,TRUE,0,1,1,0,0,0,3,1,1,13,65.77,10.68,5.63,180.03
00174-BqLwEyiLbza,train,TRUE,0,1,0,0,0,0,3,1,1,13,76.1,5,5.63,550.2
00175-nW7z5USWzWo,train,TRUE,0,1,0,0,0,0,2,1,1,13,98.2,7.59,4.23,487.98
00176-wcJYziD5pmF,train,TRUE,0,0,0,0,0,0,2,2,1,12,96.75,14.2,4.09,249.63
00177-VSxVP19Cdyw,train,TRUE,0,0,0,0,0,0,1,2,1,8,77.51,19.32,3.04,193.53
00178-yqNxxJnA3iL,train,TRUE,0,0,0,0,0,0,3,2,1,24,230.81,15.65,4.31,541.75
00179-MVVzj944atG,train,TRUE,0,1,0,0,0,0,2,2,1,8,40.56,9.77,5.4,121.66
00180-sCCThjhioJC,train,TRUE,0,1,0,0,0,0,3,2,1,14,159.14,14.05,3.89,323.64
00181-qkkRnWghK8e,train,TRUE,0,0,0,0,0,0,1,2,1,11,99.64,7.05,3.09,309.12
00182-qWP3MMQM3eJ,train,TRUE,0,1,0,0,0,0,1,1,1,10,80.12,9.01,4.12,475.06
00183-kEL17iFsVbw,train,TRUE,0,0,0,0,0,0,1,2,1,5,61.55,11.12,3.63,179.56
00184-nzuiinFMXvf,train,TRUE,0,0,0,0,0,0,2,1,1,13,125.77,16.54,3.74,253.25
00185-NjyeoK5BLx3,train,TRUE,0,0,0,0,0,0,1,2,1,5,80.86,23.97,2.82,145.23
00186-7UdY7HiDnUi,train,TRUE,0,1,0,0,0,0,1,2,1,7,45.61,6,3.55,149.99
00187-GCCrNuhZ9WY,train,TRUE,0,0,0,0,0,0,2,2,1,8,69.28,12.53,4.21,171.58
00188-dQrLTxHvLXU,train,TRUE,0,0,0,0,0,0,2,2,1,5,84.84,32.92,3.71,368.74
00189-KHhgcNqsc9h,train,TRUE,1,0,0,0,0,0,3,1,1,20,261.43,20.29,4.41,573.28
00190-NkvRYHk72vA,train,TRUE,0,0,0,0,1,0,1,2,1,10,41.57,17.51,4.9,132.7
00191-dKySjDYsya1,train,TRUE,0,1,1,0,0,0,2,1,1,10,137.08,10,3.27,470.82
00192-MLVm7dZk7dp,train,TRUE,0,1,0,0,0,0,1,1,3,6,194.6,57.89,2.71,474.53
00193-wwX4MFiTTrt,train,TRUE,0,0,0,0,0,0,2,2,1,9,57.44,13.12,4.02,221.39
00194-JY8e73x9ubE,train,TRUE,0,1,0,0,0,0,3,1,1,8,38.47,8.51,6.63,121.15
00195-enfahKs8XHw,train,TRUE,0,0,0,0,0,0,1,2,2,5,304.47,11.05,2.68,1044.62
00196-3Y14etT7365,train,TRUE,0,0,0,0,0,0,1,2,1,14,98.7,14.62,4.1,587.93
00197-x4LVLSsYWcV,train,TRUE,0,0,0,1,0,0,1,1,1,3,67.49,12.52,3.39,163.12
00198-eZrc5fLTCmi,train,TRUE,0,0,1,0,0,0,1,2,1,8,91.91,18.89,3.03,202.72
00199-uHnM1oqv2JL,train,TRUE,0,0,0,0,0,0,3,2,1,11,85.49,8.32,4.92,347.8
00200-A9yB3w3UxXV,train,TRUE,0,1,0,0,0,0,2,1,1,16,111.59,36.42,4.93,324.47
00201-k7vRbGpz44m,train,TRUE,0,1,0,0,0,0,2,1,1,9,58.38,5.69,5.29,321.27
00202-yVbpFay8gTU,train,TRUE,0,0,0,0,0,0,2,2,1,23,212.55,12.45,4.15,936.85
00203-VoVGtfYrpuQ,train,TRUE,0,0,0,0,0,0,2,2,1,15,101.5,9.84,4.5,382.31
00204-gxttMtT5ZGK,train,TRUE,0,0,0,0,1,0,3,2,1,19,224.28,11.46,4.1,757.49
00205-NEVASPhcrxR,train,TRUE,0,1,0,0,0,0,2,1,4,17,175.68,19.56,4.08,517.85
00206-uhkqDVMtEnn,train,TRUE,0,1,0,1,0,0,2,1,1,15,226.24,35.43,2.72,1155.68
00207-FRQ75PjD278,train,TRUE,0,0,0,0,0,0,2,2,1,6,43.05,15.94,4.47,119.03
00208-SQqGpSHzfSr,train,TRUE,0,0,0,0,0,0,1,2,1,4,61.67,7.59,3.19,139.25
00209-C5RbHBQ76DE,train,TRUE,1,0,0,0,1,0,2,1,1,8,41.06,10.87,5.2,106.28
00210-j2EJhFEQGCL,train,TRUE,0,0,0,0,0,0,1,2,1,7,254.92,30.65,2.54,545.33
00211-hmRxh2mmzNC,train,TRUE,1,0,0,0,0,0,2,1,1,8,42.19,10,4.85,123.66
00212-bAdy4hKf1a1,train,TRUE,0,0,0,0,0,0,2,2,1,15,108.88,12.15,3.84,284.12
00213-mkvHBa3mEEk,train,TRUE,0,0,0,0,0,0,3,2,1,12,48.62,4.44,4.86,234
00214-WeyCwVzL53K,train,TRUE,0,1,0,0,0,0,4,0,1,19,176.77,7.21,4.71,387.9
00215-zWydhyFhvcj,train,TRUE,1,0,0,0,1,0,3,1,1,10,49.68,4.58,6.07,171.2
00216-6EMViBCA2N7,train,TRUE,0,1,0,0,0,0,1,2,1,4,71.15,10.64,3.21,185.66
00217-qz3829g1Lzf,train,TRUE,0,0,0,0,0,0,2,2,1,8,70,7.62,5.18,173.99
00218-fQHGxvurx9L,train,TRUE,0,1,0,0,0,0,1,1,1,10,63.67,13.79,4,321.41
00219-P6ajptD9tRP,train,TRUE,0,0,0,0,0,0,2,2,1,11,82.96,3.34,4.51,415.09
00220-KAzjXJvZtR3,train,TRUE,0,1,0,0,0,0,2,1,1,7,95.37,13.03,4.1,218.12
00221-zJEEFaNaRbB,train,TRUE,0,1,0,0,0,0,3,1,1,9,74.86,7.57,4.26,147.71
00222-g8Xrdbe9fir,train,TRUE,0,1,0,0,0,0,2,2,1,8,84.01,9.17,2.87,300.35
00223-wQN24R38a9N,train,TRUE,0,1,0,0,0,0,2,1,1,11,107.33,15.69,4.52,247.8
00224-8m2Sk2sC3DR,train,TRUE,0,0,0,0,0,0,2,2,1,16,129.87,18.52,3.71,709.37
00225-EbiLVt7CHc1,train,TRUE,0,0,0,1,0,0,1,1,2,9,300.48,31.18,2.72,1213.27
00226-8mXffaQTtmP,train,TRUE,0,0,0,0,0,0,1,2,1,4,61.39,6.07,3.4,323.03
00227-bvdRzJBgJyg,train,TRUE,0,0,0,0,1,1,2,2,1,11,110,3.89,2.95,216.49
00228-d5faFfQRphr,train,TRUE,0,0,0,0,0,0,1,2,1,7,59.45,11.69,3.82,171.77
00229-cHumXFzhHUR,train,TRUE,0,1,0,0,0,0,2,1,3,2,113.07,6.42,2.83,333.09
00230-TNx8nti6GNi,train,TRUE,0,0,0,0,0,0,1,2,1,10,121.55,20.63,3.07,495.07
00231-4h4JxvG3cip,train,TRUE,0,0,0,0,0,0,1,2,1,7,61.03,26.33,3.6,270.75
00232-XNiSi1YgPRR,train,TRUE,0,0,1,0,0,0,3,1,1,11,55.01,7.67,5.39,132.45
00233-PuFu1zFVc4k,train,TRUE,0,0,0,0,0,0,1,2,1,12,53.6,21.71,4.71,123.13
00234-nACV8wLu1u5,train,TRUE,1,1,0,0,0,0,3,1,1,11,95.32,8.47,4.81,309.57
00235-DWsM2ficpne,train,TRUE,0,0,0,1,0,0,1,2,1,12,165.46,22.24,3.11,930.62
00236-FcUgaJv6JHA,train,TRUE,1,2,0,0,0,0,3,0,1,23,113.99,11.86,4.3,709.18
00237-BW1f54ZNVW6,train,TRUE,1,1,0,0,0,0,4,1,1,13,69.15,16.76,6.34,240.34
00238-j6fHrce9pHR,train,TRUE,0,1,1,0,0,0,2,1,1,18,266.2,31.49,1.12,745.63
00239-b3CuYvwpzZv,train,TRUE,0,0,1,0,1,0,3,1,1,21,167.57,7.7,3.88,508.39
00240-q9CAdKfvar2,train,TRUE,0,0,0,0,0,0,3,2,1,11,54.48,5.18,5.12,155.44
00241-h6nwVLpAKQz,train,TRUE,0,1,0,0,0,0,2,1,1,11,46.83,8.84,5.71,243.38
00242-JHHVv6QZJMm,train,TRUE,0,0,0,0,1,0,2,1,1,8,70.94,13.05,4.51,173.79
00243-BfzKZxFShtq,train,TRUE,0,2,0,0,0,0,1,1,5,1,67.25,10.8,2.57,279.81
00244-E64sjs3Dyfd,train,TRUE,0,1,0,0,1,0,6,1,5,16,211.19,8.63,4.66,583.27
00245-741Fdj7NLF9,train,TRUE,0,0,0,0,0,0,1,2,1,6,59.06,7.59,2.92,246.45
00246-mscxX4KEBcB,train,TRUE,0,0,0,0,0,0,1,2,1,9,61.64,13.58,3.86,330.65
00247-uvveHdpUZis,train,TRUE,1,2,0,0,0,0,3,,1,15,132.33,8.33,4.51,320.27
00248-PM558qFsyi8,train,TRUE,0,0,0,0,0,0,1,2,1,2,43.82,18.82,3.69,120.7
00249-PYHRaSotJNh,train,TRUE,0,1,0,0,1,0,3,0,1,7,32.37,5.32,6.4,145.24
00250-U3oQjwTuMX8,train,TRUE,0,0,0,0,0,0,1,2,1,2,190.96,16.28,3.11,881.54
00251-wsAYBFtQaL7,train,TRUE,0,1,0,0,0,0,1,1,1,8,121.67,12.17,3.03,312.67
00252-kGVKV9k9DCT,train,TRUE,0,0,0,1,0,0,2,2,1,11,207.58,18.4,2.28,499.9
00253-HjxjHvpdeoM,train,TRUE,0,1,0,0,0,0,2,1,1,10,65.71,12.61,4.66,168.94
00254-YMNvYDhK8mB,train,TRUE,0,0,0,0,0,0,1,2,2,7,95.14,13.95,3.65,225.5
00255-NGyoyh91xXJ,train,TRUE,0,1,0,0,0,0,1,1,1,11,75.17,10.87,3.97,179.34
00256-92vYG1q49FY,train,TRUE,0,1,0,0,0,0,2,2,1,19,122.57,11.82,4.23,502.6
00257-j2DKmTV5TPV,train,TRUE,0,0,0,0,1,0,1,2,1,8,68.78,25.1,3.79,367.53
00258-2Pc8W48bu21,train,TRUE,0,1,0,0,0,0,2,2,1,16,186.38,15.39,3.01,586.95
00259-4J8N2Ah1a6o,train,TRUE,0,0,0,0,0,0,2,2,1,13,128.66,17.67,3.39,297.09
00260-ECStCRoCNWM,train,TRUE,0,1,0,0,0,0,2,2,1,18,175.17,8.35,3.84,414.36
00261-fK2vEV32Lag,train,TRUE,0,1,0,0,0,0,2,1,1,8,39.43,9.09,5.49,173.15
00262-1xGrZPxG1Hz,train,TRUE,0,0,0,0,0,0,2,2,1,8,63.12,12.68,4.29,202.31
00263-GGBvSFddQgs,train,TRUE,0,0,0,0,0.5,0,3,2,1,13,119.33,15.31,5.25,291.82
00264-GfF9TQ34x37,train,TRUE,0,1,1,0,0,0,2,1,3,4,57.58,11.29,3.99,228.2
00265-3Ao63EY7J83,train,TRUE,1,1,1,0,0,0,3,0,1,8,247.1,11.53,2.93,468.44
00266-67ADtrTrBK2,train,TRUE,0,1,0,0,0,0,1,1,1,17,129.7,16.39,3.93,491.8
00267-gQ3xxshDiCz,train,TRUE,0,0,0,0,1,0,3,1,1,10,46.19,12.97,5.26,139.1
00268-mHJxL9jnCox,train,TRUE,0,0,1,0,1,0,2,2,1,10,87.1,31.66,4.24,196.91
00269-JNiWU5TZLtt,train,TRUE,0,0,1,0,0,0,1,1,2,10,145.23,24.71,4.07,650.58
00270-bDTsgcSK5Qr,train,TRUE,0,1,0,0,0,0,1,1,1,11,80.79,15.57,3.47,203
00271-cjLuWviyDEo,train,TRUE,0,1,0,0,0,0,2,1,1,9,49.44,8.32,5.52,281.33
00272-kA2nG18hCAr,train,TRUE,0,1,0,0,1,0,2,1,1,11,185.46,11.12,3.76,566.47
00273-8DDKELpgD99,train,TRUE,0,0,0,0,1,0,3,2,1,13,113.64,9.51,5.25,275.55
00274-NcK5aACg44h,train,TRUE,0,1,1,0,0,0,2,1,1,13,111.93,7.71,3.74,282.39
00275-4dbCzNN5L5t,train,TRUE,0,0,0,0,0,0,1,2,1,5,69.53,12.53,3.43,131.16
00276-HLBJGGyicLV,train,TRUE,0,1,0,0,0,0,1,1,1,12,86.02,10.94,4.02,203.33
00277-RHrFkyC59tf,train,TRUE,0,1,0,0,0,0,2,2,1,9,81.05,7.09,3.78,309.77
00278-dcd823nTKH9,train,TRUE,0,1,1,0,0,0,4,1,1,11,98.68,13.71,4.47,298.45
00279-YmEfzspXX5h,train,TRUE,0,0,1,0,1,0,2,2,1,11,89.15,4.95,5.16,319.27
00280-FgswoxWb3uN,train,TRUE,0,0,0,0,0,0,2,2,1,11,91.96,7.46,3.72,354.37
00281-mj5sKX44BmS,train,TRUE,0,0,0,0,0,0,1,2,1,9,74.08,16.77,4.2,344.37
00282-8nSVqHLMRwQ,train,TRUE,0,0,0,0,0,0,2,2,1,15,134.11,13.4,3.96,482.67
00283-MPPDV4Gvybr,train,TRUE,1,1,1,0,0,0,3,1,1,8,103.09,12.62,3.17,206.71
00284-4GfZ9TTZUwL,train,TRUE,0,1,0,0,0,0,2,1,1,15,121.22,10.7,3.52,240.88
00285-QKGMrurUVbk,train,TRUE,0,1,0,0,0,0,1,2,1,8,36.46,7.11,4.51,118.19
00286-UbsJXeCkJBA,train,TRUE,0,0,1,0,0,0,3,1,1,7,93.02,7.74,3.57,216.59
00287-SBHLgvFTVMZ,train,TRUE,1,1,0,0,1,0,3,1,1,11,111.73,12.17,4.64,319.84
00288-27cQLjQ5CjV,train,TRUE,0,0,0,0,0,0,1,2,5,13,102.84,5.32,4.33,755.36
00289-wz9FcGhrndc,train,TRUE,0,1,0,0,0,0,1,1,1,11,78.36,21.25,3.99,364.2
00290-6HMiy15cxis,train,TRUE,0,0,0,0,0,0,1,2,1,7,62.61,9.13,3.29,134.31
00291-Umx6CdjZfvy,train,TRUE,0,1,1,0,0,0,1,1,1,9,53.29,19.78,4.28,303.73
00292-reHtN7VMWkg,train,TRUE,0,0,0,0,0,0,1,2,1,13,164.45,15.09,2.78,332.13
00293-pEeGyoYCEa1,train,TRUE,0,2,0,0,0,0,2,1,1,12,107.9,12.79,3.73,318.67
00294-PPTLa8SkUfo,train,TRUE,0,1,0,0,0,0,2,2,1,16,227.15,16.63,3.26,1025.9
00295-LQy8D2nmZ4x,train,TRUE,0,1,0,0,0,0,2,1,4,3,105.96,7.14,3.89,391.16
00296-sLwz8nKD3wF,train,TRUE,0,0,0,0,1,0,3,1,1,10,87.6,9.7,4.71,206.74
00297-jGdNyKqGZJw,train,TRUE,0,1,0,0,0,0,1,2,1,5,53.55,8.06,3.08,203.69
00298-by8SK9u18S8,train,TRUE,0,1,0,0,0,0,1,1,1,9,91.37,35.21,3.5,412.56
00299-bdp1XNEdvmW,train,TRUE,0,0,0,0,0,0,1,2,1,5,58.17,8.05,3.53,266.53
00300-GcfUJ79xCZc,train,TRUE,0,0,1,0,0,0,4,2,1,13,99.65,9.11,4.94,235.98
00301-JiHGQpwKUvd,train,TRUE,0,0,0,0,0,0,1,2,1,5,73.09,6.97,2.74,167.79
00302-JFgrz9MNz4b,train,TRUE,0,0,0,0,0,0,3,2,1,16,200.06,12.48,3.76,494.65
00303-ghWQ5kHV97i,train,TRUE,0,0,0,0,0,0,1,2,1,11,142.61,23.35,2.92,601.9
00304-X6Pct1msZv5,train,TRUE,0,0,0,0,0,0,1,2,1,7,45.81,8.33,4.14,164.02
00305-W3J8ruZTQic,train,TRUE,0,0,0,0,0,0,1,2,1,10,110.88,7.65,3.64,1503.12
00306-Y4L8fjz2yH7,train,TRUE,0,0,0,0,0,0,2,2,1,11,109.53,10.49,3.61,406.77
00307-vDfkYo5VqEQ,train,TRUE,0,1,0,0,0,0,2,1,1,6,64.38,6.75,3.51,234.77
00308-gmLDom6XSo7,train,TRUE,0,0,0,0,0,0,3,2,1,15,142.93,5.51,3.18,439.16
00309-VKmpsujnc5t,train,TRUE,0,0,0,0,0,0,2,2,4,2,81.83,9.08,3.95,243.66
00310-WnvnMQh4eEa,train,TRUE,0,0,0,0,0,0,1,2,1,6,42.96,7.23,3.97,116.21
00311-mHXUEKEV6gR,train,TRUE,1,0,0,0,0,0,3,1,1,8,67.03,11.3,4.6,198.52
00312-UrFKpVJpvHi,train,TRUE,0,0,0,0,0,0,1,2,1,11,61.84,24.22,4.77,198.57
00313-PE6kVEtrxtj,train,TRUE,0,0,1,0,0,0,2,2,1,8,68.45,7.4,4.84,247.43
00314-NwG7cpZnRZb,train,TRUE,0,1,0,0,0,0,3,1,1,7,42.39,6.88,5.78,177.84
00315-We1N7vBtyGm,train,TRUE,0,0,0,0,1,0,2,2,1,11,118.5,7.7,4.83,453.21
00316-LqsTKpxKVP2,train,TRUE,0,0,1,0,0,0,3,1,1,13,92.51,7.06,5.45,230.92
00317-P8XJUpcAUkf,train,TRUE,0,1,0,0,0,0,3,1,1,11,120.26,11.84,4.53,561.02
00318-6qJyEsZNuey,train,TRUE,0,1,0,0,0,0,1,1,2,5,178.46,9.32,3.51,817.34
00319-sjH1uaR68XQ,train,TRUE,1,1,0,0,0,0,2,1,1,6,45.19,9.12,4.39,165.75
00320-nicaPonCxvC,train,TRUE,0,0,0,0,0,0,2,1,1,9,53.65,7.43,5.21,264.39
00321-JWWJBQWHv64,train,TRUE,0,0,0,0,0,0,1,2,1,5,60.03,23.7,2.32,118.16
00322-7Xp37y8DpSv,train,TRUE,0,1,0,0,0,0,1,2,1,9,59.76,9.61,4.82,635.56
00323-yHLr6bvWsVm,train,TRUE,0,0,0,0,0,0,1,2,1,7,65.57,14.04,3.61,142.1
00324-DoSbsoo4EAg,train,TRUE,0,0,0,0,0,0,1,2,1,4,56.34,11.29,2.83,259.68
00325-bMvM1KL4WsR,train,TRUE,0,1,1,0,0,0,2,1,1,9,155.1,8.14,3.31,475.12
00326-u9rPN5cHWBg,train,TRUE,0,0,0,0,0,0,2,2,1,10,112.55,11.61,4.08,491.59
00327-xgLmjqzoAzF,train,TRUE,0,1,0,0,0,0,1,2,1,13,161.42,13.34,3.76,1059.28
00328-DACaFbApXUe,train,TRUE,0,2,1,0,1,0,3,0,1,17,255.12,21.53,3.7,1006.05
00329-asrq4PFvdvF,train,TRUE,0,1,0,0,0,0,2,1,1,14,140.51,15.55,3.81,452.97
00330-WhNyDTnd9g5,train,TRUE,0,0,0,0,0,0,3,2,1,9,90.97,5.97,4.56,392.31
00331-gGMMut83nsX,train,TRUE,0,0,0,0,0,0,1,2,1,10,108.04,12.06,2.99,255.14
00332-cWfRoQnzNiM,train,TRUE,0,1,0,0,0,0,2,1,1,6,55.09,13.34,4.35,138.71
00333-LLecyBe5Eq2,train,TRUE,0,1,0,0,0,0,2,2,1,13,121.95,10.5,4.08,279.51
00334-hkmLgL6jrP8,train,TRUE,1,0,0,0,0,0,2,1,1,7,66.52,9.73,4.9,237.77
00335-janiYDpzM9j,train,TRUE,1,1,0,0,0,0,2,1,1,8,28.6,9.08,6.6,143.57
00336-uc8QkFS11Hj,train,TRUE,0,1,0,0,0,0,2,1,1,7,71.56,6.28,4.14,301.84
00337-CFVBbU9Rsyb,train,TRUE,0,0,0,0,0,0,4,2,1,33,185.94,9.89,5.94,642.21
00338-rK4jPRTUw15,train,TRUE,0,1,0,0,0,0,3,1,1,18,117.81,46.87,5.63,317.37
00339-T7nCRmufFNR,train,TRUE,0,1,1,0,0,0,1,2,1,8,62.26,29.58,3.23,166.27
00340-GtqoUWABJ11,train,TRUE,0,0,1,0,0,0,1,1,1,7,59.58,17.34,3.88,142.17
00341-tYvWp85L81G,train,TRUE,0,1,0,0,1,0,2,1,1,15,103.26,15.35,4.38,380.39
00342-C6JvMamYTRg,train,TRUE,0,0,0,0,0,0,1,2,1,7,57.64,6.5,3.62,205.3
00343-5graSmdK3Bj,train,TRUE,0,0,0,0,0,0,2,2,1,11,58.58,10.4,0.66,174.86
00344-PaQrTquNd2v,train,TRUE,0,0,0,0,0,0,1,2,1,10,79.35,18.41,3.53,188.43
00345-8EqKbkhqE4R,train,TRUE,0,0,0,0,0,0,2,2,1,8,86.83,20.53,3.64,176.76
00346-mQFC1yx29MM,train,TRUE,0,1,1,0,0,0,3,1,1,14,188.49,12.48,3.88,878.09
00347-bwoBmU23M2N,train,TRUE,0,1,0,0,0,0,3,2,1,9,91.12,8.55,3.54,272.53
00348-37c5w29pYm3,train,TRUE,0,0,0,0,0,0,2,2,1,16,243.9,14.95,2.77,574.29
00349-p32JzpQyhPk,train,TRUE,0,0,1,0,0,0,1,2,1,16,113.93,19.57,5.19,424.77
00350-amdKHm5GAM1,train,TRUE,0,1,0,0,0,0,2,1,1,14,70.31,20.78,4.39,215.45
00351-QxfX5te1gFu,train,TRUE,0,0,2,0,0,0,2,1,1,8,38.17,12.49,4.97,131.9
00352-zmZvNTCxMZE,train,TRUE,0,0,0,0,0,0,1,2,4,3,90.75,13.08,2.37,143.59
00353-8qbZhbTc1wX,train,TRUE,0,0,0,0,0,0,1,2,1,6,41.87,11.99,5.11,111.91
00354-NpCFg9NdUgL,train,TRUE,0,1,0,0,0,0,2,2,1,12,110.02,11.98,3.65,250
00355-Qkm4CooNoPi,train,TRUE,0,0,0,0,0,0,1,1,1,4,51.98,6.52,4.12,128.84
00356-RYzud5W7ZnC,train,TRUE,0,0,0,0,1,0,2,2,1,12,167.56,14.94,3.5,414.7
00357-TzQLNfWugiZ,train,TRUE,0,1,0,0,0,0,1,2,1,6,43.44,8.39,3.65,218.1
00358-Wjvsh6jnVsR,train,TRUE,0,0,0,1,1,0,2,1,1,13,174.68,12.48,3.66,635.34
00359-aTf5zsbjZMb,train,TRUE,0,0,0,0,0,0,2,2,1,6,50.81,5.98,4.95,131.39
00360-yA3RqPqMrGE,train,TRUE,0,0,0,0,0,0,2,2,1,7,68.23,7.74,3.65,222.26
00361-uXU4dVyyvWa,train,TRUE,0,0,0,0,0,0,1,2,1,6,52.47,10.04,2.86,126.7
00362-o94q92w5PK5,train,TRUE,0,1,0,0,0,0,1,2,1,9,95.99,27.77,3.15,243.73
00363-DS3nSAaa3Nr,train,TRUE,1,1,1,0,0,0,2,1,1,12,121.74,10.14,3.87,330.08
00364-tEafuWwhhwr,train,TRUE,0,0,0,0,0,0,3,2,1,13,149.47,10.75,3.86,394.55
00365-tvvDpjzFJGe,train,TRUE,0,0,0,0,0,0,3,2,1,13,97.75,5.95,4.53,538.21
00366-fxbzYAGkrtm,train,TRUE,0,0,0,0,0,0,2,2,1,17,154.85,15.79,2.91,622.39
00367-RHdkyzXFp1k,train,TRUE,0,1,1,0,0,0,3,1,1,14,235.15,14.11,3.37,422.98
00368-k9UfRPqLm3j,train,TRUE,0,1,0,0,0,0,2,2,1,5,47.36,5.76,3.96,156.1
00369-FgXPKxNp5kK,train,TRUE,0,0,0,0,0,1,2,2,1,18,255.34,24.91,2.87,411.04
00370-RcuYAHzrjK7,train,TRUE,0,1,0,0,1,0,1,1,1,10,59.19,11.36,4.52,218.58
00371-6AGcGQf2wof,train,TRUE,1,0,0,0,0,0,1,2,1,10,88.4,6.84,3.75,261.06
00372-GMwtBqNLGBs,train,TRUE,0,1,1,0,0,0,1,1,1,11,240.8,15.5,2.83,529.98
00373-WPzCkWEorzk,train,TRUE,0,1,0,0,0,0,1,2,1,12,161.62,12,3.1,421.08
00374-j2eqyxdYAFW,train,TRUE,0,2,0,0,0,0,3,1,1,7,53.49,4.87,5.13,214.22
00375-kubNyvKJBUX,train,TRUE,0,1,0,0,0,0,3,1,1,6,52.55,12.37,3.72,327.5
00376-wxixLWuvLjd,train,TRUE,0,0,0,0,0,0,1,2,1,10,44.4,18.74,3.9,126.24
00377-Fgtk7tL8R9Y,train,TRUE,0,0,0,0,0,0,2,2,1,12,59.33,11.41,4.68,151.61
00378-DqJKU7YU7dA,train,TRUE,0,1,0,1,0,0,1,1,1,12,140.06,15.26,3.37,570.44
00379-58fkJMgLopt,train,TRUE,1,1,0,0,1,0,3,0,1,12,51.94,16.92,7.54,178.96
00380-fdfRpE6Cfsr,train,TRUE,1,1,0,0,0,0,2,1,1,10,100.41,10.15,4.08,376.08
00381-pmZMJfFd3Jy,train,TRUE,0,1,0,0,0,0,1,2,1,8,60.11,12.27,4.01,146.37
00382-S7uMvxjBVZq,train,TRUE,0,1,0,0,1,0,2,1,1,11,85.02,5.82,4.84,209.71
00383-yTgw14aa5ha,train,TRUE,1,0,1,0,0,0,3,0,1,11,66.68,14.31,4.91,145.91
00384-ceJTwFNjqCt,train,TRUE,0,0,0,0,0,0,1,2,4,8,82.78,12.16,3.41,163.78
00385-PB8eQHRTRRK,train,TRUE,1,0,0,0,0,0,3,1,1,12,87.83,6.26,4.2,195.84
00386-b3WpMbPFB6q,train,TRUE,0,1,0,0,0,0,2,2,1,19,159.7,20,3.65,792.25
00387-6vJMULqvYe8,train,TRUE,0,0,1,0,0,0,2,1,2,2,100.58,45.06,3.94,345.17
00388-pcpn6mFqFCg,train,TRUE,0,0,1,0,0,0,2,2,1,8,61.89,7.12,1.3,258.17
00389-d6bYiL1d9Fh,train,TRUE,0,1,0,0,0,0,2,2,1,15,145.65,8.55,4,340.22
00390-c9DeZf2fcDf,train,TRUE,0,1,0,0,1,0,3,1,1,12,129.73,13.28,3.71,327.66
00391-3UDjdrwcqMb,train,TRUE,0,0,0,0,0,0,1,2,1,7,40.66,9.3,4,230.3
00392-M8PMwoYQTUV,train,TRUE,0,0,0,0,1,0,2,2,1,10,60.74,14.67,4.23,139.47
00393-dD37vuCa4FE,train,TRUE,0,0,0,0,0,0,2,2,1,12,95,14.35,4.25,382.62
00394-H7bBanejcc6,train,TRUE,0,0,0,1,0,0,3,1,1,12,116.21,50,4.16,324.49
00395-giViJCyCH2C,train,TRUE,0,0,0,0,0,0,2,2,1,9,58.34,10.28,4.78,154.72
00396-wuKkTq5GJbi,train,TRUE,0,0,0,0,0,0,3,2,1,13,94.84,8.31,5.13,243
00397-ZNanfzgCdm3,train,TRUE,0,0,0,0,0,0,2,2,1,6,54.9,9.42,3.74,138.58
00398-Vnb6uKtzQCU,train,TRUE,0,1,0,0,0,0,2,2,1,11,139.47,71.96,4.53,421.53
00399-XokRUNE3gB1,train,TRUE,0,0,0,0,0,0,2,2,1,15,123.42,23.11,3.66,229.53
00400-KcHdFEzySGq,train,TRUE,0,0,0,0,0,0,1,2,1,4,39.57,17.18,5.08,100.09
00401-H8rQCnvBgo6,train,TRUE,0,0,0,0,0,0,1,2,1,6,58.53,26.59,3.16,127.88
00402-zR6kPe1PsyS,train,TRUE,0,0,1,0,0,0,2,1,1,12,75.34,14.87,4.57,440.49
00403-t3t9ofFLcFU,train,TRUE,0,0,0,0,0,0,1,2,4,1,152.53,9.6,3.12,556.78
00404-QN2dRqwd84J,train,TRUE,0,0,0,0,0,0,1,2,1,6,77.38,11.54,3.83,171.28
00405-q28T9C3q2dv,train,TRUE,1,0,0,0,1,0,3,2,1,18,223.21,13.02,2.91,707.6
00406-n2Tt2eJdqnT,train,TRUE,0,1,0,0,0,0,2,1,1,13,113.81,6.95,3.78,270.04
00407-NPHxDe6VeCc,train,TRUE,0,1,0,0,0,0,2,1,1,16,122.79,21.02,4.03,369.47
00408-RamZzGBBPbT,train,TRUE,1,1,0,0,0,0,2,1,1,11,94.05,9.87,4.5,239.55
00409-rxGLNxH6eoJ,train,TRUE,0,0,0,1,0,0,1,1,1,10,156.53,25.62,3.15,602.28
00410-v7DzfFFEpsD,train,TRUE,0,0,0,0,0,0,2,2,1,14,134.02,11.48,4.25,432.27
00411-o4tckGBtaxz,train,TRUE,0,0,0,0,0,0,2,2,1,13,116.08,9.98,4.17,333.27
00412-mDPCxA7W1WN,train,TRUE,0,0,0,0,0,0,2,2,1,10,77.22,15.13,4.18,198.51
00413-YM4nG4pSAEJ,train,TRUE,0,0,0,0,0,0,1,2,1,12,59.5,12.97,3.73,311.33
00414-77mMEyxhs44,train,TRUE,0,0,0,0,0,0,2,2,1,15,116.88,10.76,4.03,288.33
00415-rBmEe6ab5VP,train,TRUE,0,0,0,0,0,0,1,2,1,8,53.37,12.65,3.86,143.87
00416-zCMdfYaW9iF,train,TRUE,0,1,1,0,0,0,1,1,1,8,58.16,6.75,4.02,203.34
00417-nGhNxKrgBPb,train,TRUE,0,0,1,0,0,0,1,2,1,17,184.47,24.48,2.61,676.73
00418-t6tH2pNA9X5,train,TRUE,0,0,1,0,0,0,2,2,1,8,55.37,7.23,5.09,150.62
00419-fbUcgfPMBDr,train,TRUE,0,0,0,0,0,0,1,2,1,10,80.56,8.85,3.92,461.52
00420-R6Byftz8wRN,train,TRUE,0,1,0,0,0,0,2,2,1,11,68.63,15.54,4.68,217.35
00421-gamLwhSzHci,train,TRUE,0,1,1,0,0,0,3,0,1,12,85.45,13.85,4.33,278.24
00422-8wJuSPJ9FXG,train,TRUE,0,1,0,0,0,0,2,2,1,7,48.28,12.1,4.85,164.82
00423-bEdki9cbHDG,train,TRUE,0,1,0,0,0,0,2,2,1,23,217.98,19.65,3.48,830.48
00424-Hsk3jDzNySy,train,TRUE,0,0,0,0,0,0,1,2,1,6,92.62,26.58,3.02,211.3
00425-SSbSnMigayt,train,TRUE,0,0,0,0,0,0,2,2,1,6,48.39,12.3,5.89,123.81
00426-X9fRPGxw1jS,train,TRUE,0,1,0,0,0,0,1,2,1,4,46.23,4.75,3.93,240.75
00427-P3hmFK6Ejnf,train,TRUE,0,1,0,0,1,0,3,2,1,17,86.32,19.61,5.9,263.27
00428-vPoFkhqsJaf,train,TRUE,0,1,0,0,0,0,2,1,1,12,125.83,13.31,3.38,298.59
00429-UZ5rYGiwQgW,train,TRUE,0,0,0,0,0,0,1,2,2,3,134.32,11.45,2.36,490.72
00430-P8L1328HrLi,train,TRUE,0,0,0,0,0,0,1,2,1,5,37.25,10.04,3.97,99.04
00431-rp42RknmRV8,train,TRUE,0,0,0,0,0,0,3,0,4,6,136.91,3.95,3.77,1218.92
00432-vCfHLVSyL21,train,TRUE,0,0,0,0,0,0,2,2,1,16,146,17.65,3.49,310.76
00433-uzH9yHazm9t,train,TRUE,0,1,0,0,0,0,1,1,1,6,42.82,7.75,3.63,249.54
00434-L5QEsaVqwrY,train,TRUE,0,0,0,0,0,0,1,2,1,17,260.86,14.08,2.73,1759.44
00435-rmDFTEWfNcz,train,TRUE,0,0,0,0,0,0,1,2,1,10,75.3,12.9,4.06,206.34
00436-TGVJHgmMGzi,train,TRUE,0,1,0,0,0,0,2,2,1,13,93.45,22.99,4.32,231.92
00437-S3BfyR31Wc9,train,TRUE,0,0,1,0,0,0,2,2,1,19,248.14,19.93,3.52,2171.83
00438-XvJjCZv6SYp,train,TRUE,0,1,0,0,0,0,2,2,1,6,63.36,9.72,3.87,217.95
00439-mjvN6RDLsPm,train,TRUE,1,1,1,0,1,0,3,0,1,14,160.14,11.69,4.31,562.24
00440-wPLokgvCnuk,train,TRUE,0,1,0,0,0,0,2,2,1,8,65.43,15.36,3.92,245.36
00441-4MRLu1yET6a,train,TRUE,0,0,0,0,0,0,1,2,1,5,43.28,16.76,3.96,120.37
00442-tJ7XVoEN82a,train,TRUE,0,0,0,1,0,0,3,1,1,16,114.47,12.33,5.25,247.96
00443-oz1yTAGPXkh,train,TRUE,1,1,1,0,1,0,1,1,1,9,60.2,15.2,3.55,250.76
00444-sX9xad6ULKc,train,TRUE,0,0,0,0,0,0,1,2,1,8,112.09,25.17,2.86,506.87
00445-H81QMurNRM8,train,TRUE,0,0,0,0,0,0,2,2,1,17,172.65,19.97,3.51,616.34
00446-tL6i2PtktSh,train,TRUE,0,0,0,0,1,0,1,2,1,2,16.92,16.58,4.67,49.02
00447-5RtSdesLuHt,train,TRUE,0,0,0,0,0,0,1,2,2,17,192.28,17.39,3.29,421.37
00448-tAQTHnJ7n72,train,TRUE,0,0,0,0,0,0,1,2,1,7,41.92,7.28,3.89,154.96
00449-JjsvQEqRxGS,train,TRUE,0,0,0,0,0,0,4,2,1,11,140.26,6.3,3.44,284.19
00450-LGGnLUDPz37,train,TRUE,1,1,0,0,0,0,2,1,1,12,101.27,10.45,4.44,334.51
00451-FYYpmNC4gAd,train,TRUE,0,0,0,0,1,0,3,2,1,19,239.72,8.31,3.58,420.87
00452-9Ckja165ren,train,TRUE,0,0,1,0,1,0,3,1,1,18,112.71,9.69,0.16,389.45
00453-6ySDHVkso9e,train,TRUE,0,1,0,0,1,0,2,1,1,10,81.8,13.73,4.47,289.37
00454-vjMVcmpC1hC,train,TRUE,1,1,0,0,0,0,2,1,1,6,55.52,8.29,4.46,136.89
00455-k7mcxHG65Wh,train,TRUE,0,0,2,0,0,0,2,1,1,13,65.54,10.95,5.01,478.99
00456-T48WJA2vtru,train,TRUE,1,0,0,1,1,0,3,1,1,12,102.58,6.4,4.24,295.08
00457-7PZPFHR3oJc,train,TRUE,1,1,0,0,1,0,3,1,1,9,54.05,6.92,4.81,132.46
00458-fFx6oC7EVp7,train,TRUE,0,1,0,0,0,0,1,1,1,6,51.65,18.7,3.55,149.15
00459-Ze6tkhg7Wvc,train,TRUE,0,0,0,0,0,0,3,2,1,14,90.23,12.73,5.68,282.36
00460-LViDMxZp4ZN,train,TRUE,0,1,0,0,0,0,1,2,1,9,59.78,18,4.08,304.39
00461-AiY2reLtjYJ,train,TRUE,0,0,0,0,0,0,2,2,1,10,54.02,9.05,5.26,183.52
00462-5m6t1y5EvsT,train,TRUE,0,1,0,0,0,0,1,2,1,9,59.76,9.76,3.71,170.29
00463-URjpCob8MGw,train,TRUE,0,1,0,0,0,0,3,1,1,14,149.68,7.56,3.95,1017.08
00464-NfkadBDgBJV,train,TRUE,0,1,0,0,1,0,4,1,1,20,150.24,13.21,5.24,505.9
00465-nvjM2xMma91,train,TRUE,0,1,0,0,1,0,1,1,1,9,100.71,19.51,3.56,294.09
00466-xAHnY3QzFUN,train,TRUE,0,1,0,0,0,0,1,2,1,12,102.04,15.13,3.28,424.11
00467-mggziYKSc6S,train,TRUE,0,1,0,0,0,,1,1,1,7,62.64,14.53,3.75,141.52
00468-iTm2PKHUcTJ,train,TRUE,1,1,0,0,0,0,1,2,1,11,75.56,4.42,4.6,357.48
00469-ochRmQAHtkF,train,TRUE,0,1,0,0,0,0,3,1,1,15,208.72,11.37,3.53,699.2
00470-udze1CSof5C,train,TRUE,0,0,0,0,0,0,2,2,1,18,141.99,9.64,3.5,512.19
00471-f93a9wrxRjG,train,TRUE,0,1,1,0,0,0,1,1,1,8,39.1,12.76,4.39,258.97
00472-Xuky7E5df6A,train,TRUE,0,0,1,0,0,0,2,2,1,6,51.25,4.86,4.25,197.99
00473-xccdSFAEPau,train,TRUE,1,0,1,0,0,0,2,1,5,4,173.17,11.64,2.85,389.52
00474-v46TaF2rxHK,train,TRUE,0,0,0,0,0,0,1,2,1,8,76.31,18.76,3.58,168.65
00475-g7hUFVNac26,train,TRUE,1,1,0,0,0,0,3,1,1,16,236.7,13.1,4.95,612.93
00476-NtnvZSMK3en,train,TRUE,1,1,0,0,0,0,2,1,1,9,66.7,6.91,4.3,192.14
00477-r8b8sRuxdt2,train,TRUE,0,0,0,0,1,0,2,2,1,13,61.94,12.71,6.06,204.74
00478-QDvRVeWFCjM,train,TRUE,0,2,0,0,0,0,1,1,1,7,65.5,14.05,3.69,145.46
00479-p4ZPcGtk6Ex,train,TRUE,0,0,0,0,0,0,2,2,1,10,90.13,6.72,3.94,330.48
00480-RrfVebebfWf,train,TRUE,1,1,0,0,0,0,2,1,1,22,290.74,14.5,2.58,879.18
00481-5jLhtVmWd5F,train,TRUE,0,0,0,0,0,0,2,1,1,6,53.45,3.76,4.41,166.31
00482-EQSguCqe5Rk,train,TRUE,0,1,0,0,0,0,1,1,1,6,57.44,11.12,2.82,235.35
00483-boHtwWDWtXh,train,TRUE,0,0,1,0,0,0,3,2,1,14,88.54,10.87,4.52,360.78
00484-fc7RfUCN5mY,train,TRUE,0,0,0,0,0,0,1,2,1,7,58.43,8.04,2.69,276.03
00485-yX54kr5c5g9,train,TRUE,0,0,0,0,0,0,1,2,1,6,41.19,8.64,4.14,111.88
00486-WypGcNbCdsH,train,TRUE,0,1,0,0,0,0,1,2,3,1,39.73,4.37,3.45,150.65
00487-erXNfWVjqZ8,train,TRUE,0,2,0,0,1,0,3,1,1,13,127.13,7.2,4.58,268.17
00488-F8PSGjTiv61,train,TRUE,0,0,0,0,0,0,1,2,1,4,50.08,14.28,3.4,126.35
00489-boJrpwDQtu9,train,TRUE,0,0,0,0,0,0,2,2,1,11,93.05,7.62,4.5,373.75
00490-BUFVGDCQNGb,train,TRUE,0,0,0,0,0,0,1,2,4,1,146.99,6.55,2.56,454.21
00491-Ty7djLDxQu3,train,TRUE,0,0,1,0,0,0,2,2,1,6,73.41,7.19,3.22,218.89
00492-panm7DRsmDn,train,TRUE,0,0,0,0,0,0,2,2,1,9,117.9,15.97,3.88,385.64
00493-pUneSGJDrvY,train,TRUE,0,0,0,0,0,0,2,1,1,7,40.6,5.63,6.14,214.08
00494-5737gQA9p2T,train,TRUE,1,1,0,0,0,0,2,1,1,12,67.39,11.08,3.83,223.61
00495-CQWES1bawee,train,TRUE,0,1,0,0,0,0,4,2,1,18,132.23,34.63,5.47,295.75
00496-eWKqgQbVZow,train,TRUE,0,1,0,1,1,0,2,1,1,13,69.93,10.25,4.97,218.17
00497-AeBfp3hTadB,train,TRUE,0,1,1,0,0,0,2,1,1,11,113.94,10.26,3.73,236.59
00498-ij6Fizhrr6c,train,TRUE,0,1,1,0,1,0,2,1,1,10,104.97,13.45,4.15,271.15
00499-q6tn1ZjSsG4,train,TRUE,0,1,0,0,0,0,2,1,1,19,247.18,12.68,3.2,626.9
00500-fKP4sxcoxpL,train,TRUE,0,2,1,0,0,0,2,1,1,11,92.56,17.36,4.41,232.04
00501-N7YVmJQ8sAu,train,TRUE,0,1,0,0,0,0,1,1,1,10,66.15,14.43,3.19,305.36
00502-nMeXfQU4PMS,train,TRUE,0,0,0,0,0,0,1,2,1,9,107.62,14.63,3.27,277.72
00503-aqx6EomMgTf,train,TRUE,0,1,0,0,0,0,2,1,1,10,53.59,8.2,4.52,123.23
00504-frThKkhTwFT,train,TRUE,0,0,0,1,0,0,2,2,1,7,224.52,14.42,3,874.52
00505-ZwnLFNzxASM,train,TRUE,0,0,0,0,0,0,1,2,1,6,68.79,8.94,3.68,137.59
00506-QVAA6zecMHu,train,TRUE,0,0,0,0,0,0,1,2,1,6,35.52,10.68,3.76,111.95
00507-RfNGMBdVbAZ,train,TRUE,0,0,0,0,0,0,1,2,1,5,71.01,5.65,3.74,351.61
00508-4vwGX7U38Ux,train,TRUE,0,1,0,0,0,0,2,1,1,8,58.68,6.5,3.89,227.62
00509-gDDiZeyaVc2,train,TRUE,0,1,0,0,0,0,2,1,1,13,210.06,21.27,3.05,738.65
00510-JSgMy8tTACD,train,TRUE,0,0,0,0,0,0,2,2,1,11,98.54,12.84,4.8,406.3
00511-8uSpPmctPXC,train,TRUE,0,0,0,0,0,0,2,2,1,6,38.35,6.65,4.6,113.21
00512-WZDzPCybQvS,train,TRUE,0,0,0,0,0,0,3,2,1,12,175.31,16.49,4.02,416.46
00513-9oGV6Y9nNqB,train,TRUE,0,1,0,0,0,0,1,2,1,12,51.64,8.57,3.42,134.51
00514-9DnDAhJ7qcj,train,TRUE,0,1,1,0,0,0,3,1,1,26,336.64,12.66,3.85,941.73
00515-krsjseyn6fd,train,TRUE,0,0,0,0,0,1,3,2,1,22,209.59,10.14,3.57,440
00516-ytXtEYghmvL,train,TRUE,0,1,0,0,0,0,3,1,1,17,129.1,9.15,4.07,340.92
00517-jG9pucmJVBZ,train,TRUE,0,0,0,0,0,0,1,2,1,11,80.38,12.72,3.6,184.74
00518-o1F5JVHc6mb,train,TRUE,0,2,1,0,0,0,3,1,1,15,221.8,12.25,3.54,657.35
00519-aNri5Gh1ZTE,train,TRUE,0,1,0,0,0,0,3,1,1,10,106.25,9.66,4.4,246.98
00520-LpFSk2s7me6,train,TRUE,0,1,0,0,1,0,2,1,1,7,36.35,6.27,4.84,203.53
00521-1SedVoP7zLu,train,TRUE,0,0,0,0,0,0,2,2,1,10,83.18,10.84,4.93,343.81
00522-XYQdAu1qsK9,train,TRUE,0,1,0,0,0,0,1,2,1,7,84.14,12.2,3.44,412.3
00523-PK83UqrXjd3,train,TRUE,1,0,1,0,0,0,2,1,1,6,55.71,17,3.07,135.12
00524-hbr5fTQhAAa,train,TRUE,0,0,0,0,0,0,1,2,1,8,71.97,6.36,3.56,245.49
00525-iKFn6fzyRqs,train,TRUE,0,0,0,0,0,0,2,2,1,12,89.58,6.89,3.88,251.47
00526-PFLHHbjscNN,train,TRUE,1,1,1,0,0,0,3,1,1,7,47.35,2.73,4.96,418.87
00527-HPrcqBkKzuy,train,TRUE,0,1,0,0,1,0,2,1,1,13,201.75,14.09,2.97,1167.88
00528-BCWtGkh8CHv,train,TRUE,0,0,0,0,0,0,2,1,1,3,96.14,17.39,4.56,416.05
00529-W9YAR9qcuvN,train,TRUE,0,0,0,0,1,0,2,2,1,7,41.41,4.38,4.86,114.74
00530-C7xtw9uhYFn,train,TRUE,1,0,1,0,0,0,1,1,4,4,168.85,8.99,3.41,846.32
00531-TziyvKgzdAs,train,TRUE,0,1,0,0,0,0,1,2,2,1,52.53,2.19,2.11,109.97
00532-4euAVjDbkz9,train,TRUE,0,0,0,0,1,0,3,1,1,17,121.84,11.22,3.82,383.44
00533-wDDRygUCLMm,train,TRUE,0,0,0,0,1,0,2,2,1,24,252.97,12.16,3.36,1314.67
00534-DBBESbk4Y3k,train,TRUE,0,0,0,0,0,1,3,2,1,14,196.78,10.33,3.11,419.2
00535-XKqDR74W1JU,train,TRUE,0,0,0,0,1,1,3,2,1,15,162.14,8.23,3.44,358.46
00536-QFjJExB2jgE,train,TRUE,0,1,0,0,0,0,2,2,1,10,141.26,12.3,3.66,650.81
00537-oahi4u45xMf,train,TRUE,0,0,0,0,1,0,2,2,1,10,75.04,14.49,4.01,175.17
00538-3CBBjsNkhqW,train,TRUE,0,1,0,0,0,0,2,1,1,13,185.14,14.64,4.31,452.3
00539-zUG6FL9TYeR,train,TRUE,0,1,0,0,0,0,2,1,1,11,163.47,11.05,3.72,761.19
00540-6nvpJEZ8ox5,train,TRUE,0,0,0,0,0,0,1,2,1,6,64.68,16.57,3.54,158.59
00541-FnDDfrBZPhh,train,TRUE,0,1,0,0,0,0,2,1,1,9,77.4,13.38,5.64,183.49
00542-12e6joG2B2T,train,TRUE,0,1,0,0,0,0,2,1,1,11,114.55,13.27,3.32,298.63
00543-1k479icNeHW,train,TRUE,0,0,0,0,0,0,1,2,1,5,181.67,30.02,3.93,505.72
00544-t85xiAt9pao,train,TRUE,0,0,0,0,1,0,2,2,1,9,120.18,27.83,4.46,379.12
00545-C2hbxeJWmvX,train,TRUE,0,0,0,0,0,0,2,1,1,13,72.42,7.63,5.19,233.23
00546-nS8T59Aw3sf,train,TRUE,1,0,0,0,0,0,3,1,1,11,55.92,9.28,5.86,157.27
00547-9h5JJxM6E5S,train,TRUE,0,0,0,0,0,0,2,2,1,9,74.96,7.95,5.25,379.77
00548-otTm4oTrHvc,train,TRUE,0,1,0,0,0,0,2,1,1,14,181.99,22.4,3.29,793.95
00549-TQSiMZJawkS,train,TRUE,1,1,0,0,1,0,3,1,1,17,242.34,12.98,4.46,575.48
00550-k3ohRuM6bso,train,TRUE,0,1,0,0,0,0,1,2,1,6,74.21,7.21,3.5,193.35
00551-zwzTbNq7xoW,train,TRUE,0,1,0,0,0,0,2,1,1,20,207.52,11.04,3.38,679.11
00552-eip6PNoeCPr,train,TRUE,1,1,1,0,0,0,3,0,1,15,210.57,7.85,4.49,427.56
00553-qAwGYe2GoZp,train,TRUE,1,1,0,0,0,0,2,1,1,10,63.31,14.93,4.07,230.67
00554-rihBP3nC6p4,train,TRUE,0,0,0,0,0,0,2,2,1,15,150.01,12.23,3.65,369.07
00555-Y4idBN66BqG,train,TRUE,0,1,0,0,1,0,1,2,1,11,68.55,7.78,4.2,355.04
00556-saBtfCeVoJ4,train,TRUE,0,0,0,0,0,0,2,2,1,2,75.02,10.65,3.27,143.7
00557-fRZhp6vWGw7,train,TRUE,0,0,1,0,0,0,2,2,1,11,135.68,9.32,3.84,500.64
00558-NieWWMV6tE4,train,TRUE,0,0,0,0,0,0,3,2,1,14,42.81,10.51,6.93,127.95
00559-53jtKd53a1X,train,TRUE,0,0,0,0,0,0,1,2,4,3,311.94,8.2,1.92,548.93
00560-gjhYih4upQ9,train,TRUE,0,0,0,0,0,2,2,1,1,12,132.13,9.66,3.3,259.32
00561-VhissfC8ggN,train,TRUE,0,1,0,0,1,0,2,1,1,10,80.25,7.72,5.19,240.48
00562-kCHmLFfMDuE,train,TRUE,0,1,0,0,0,0,2,1,1,9,37.2,9.09,5.53,105.1
00563-Bnq6SeZGL5b,train,TRUE,0,0,0,0,0,0,1,2,4,1,52,7.24,3.89,120.13
00564-hXHUtviUKBu,train,TRUE,0,1,0,0,0,0,2,1,1,13,109.71,15.06,4.33,412.25
00565-xc2kFoo9nbw,train,TRUE,0,1,0,0,0,0,2,1,1,10,78.9,17.46,3.9,390.97
00566-qmvPLqLAgvC,train,TRUE,0,0,0,0,0,0,2,2,1,6,45.98,4.45,5.16,154.49
00567-KjZrPggnHm8,train,TRUE,0,1,0,0,0,0,1,2,1,14,150.59,15.55,3.2,758.06
00568-suQdyWFG8g9,train,TRUE,0,1,0,0,0,0,2,2,1,18,167.52,15.55,3.64,607.86
00569-YJDUB7hWg9h,train,TRUE,0,0,0,0,0,0,1,2,1,9,71.17,27.12,2.9,161.39
00570-kyoZhaD9HuW,train,TRUE,0,0,0,0,0,0,2,2,1,8,60.31,16.39,4.55,164.55
00571-w5YEujJKsiy,train,TRUE,0,0,0,0,0,0,1,2,1,6,52.76,9.22,3.31,132.72
00572-dNASL765WSN,train,TRUE,0,0,0,0,0,0,1,2,1,7,50.82,13.06,3.36,125.01
00573-1zDbEdygBeW,train,TRUE,0,0,0,0,0,0,1,2,1,11,107.56,16.11,3.09,537.81
00574-bXu6SSWkJY8,train,TRUE,0,0,0,0,0,0,2,2,1,14,113.62,27.66,4.68,372.96
00575-pMntW4YkvvB,train,TRUE,0,0,0,0,0,0,2,1,1,9,124.46,9.06,4.15,257.4
00576-adgwjGh4NQK,train,TRUE,0,0,0,0,1,0,2,1,1,9,52.88,6.86,4.34,194.04
00577-kdFEfVoT1WE,train,TRUE,0,1,0,1,0,0,3,0,1,17,208,19.02,4.01,413.24
00578-dTzYwo8Hppu,train,TRUE,0,1,0,0,0,0,1,1,2,6,256.79,31.34,2.84,604.62
00579-9hJwm8k7Gka,train,TRUE,0,1,0,0,0,0,3,1,1,18,163.73,11.18,4.67,359.69
00580-xcTV5UHYHFV,train,TRUE,0,1,0,0,0,0,2,1,1,17,136.29,11.56,5.35,381.68
00581-WpVxtsP4xxA,train,TRUE,0,1,0,0,0,0,2,1,1,7,67.37,6.17,3.74,145.31
00582-TYDavTf8oyy,train,TRUE,0,0,0,0,0,0,3,2,1,17,147.26,4.91,4.28,451.17
00583-1wypxmRjuUR,train,TRUE,1,1,0,0,0,0,2,1,1,7,44.69,6.57,5.15,126.2
00584-ZxkSUELrWtQ,train,TRUE,0,0,0,0,0,0,2,2,1,14,137.49,14.61,3.22,520.98
00585-CxxHb5C8ZsP,train,TRUE,0,0,0,0,1,0,3,2,1,12,119.6,21.03,4.9,279.43
00586-qSom26FpYzR,train,TRUE,0,1,0,0,0,0,3,2,1,11,92.95,7.84,4.49,254.54
00587-JUANmB8jduD,train,TRUE,0,0,0,0,0,0,2,1,1,6,53.79,14.31,4.21,147.7
00588-YWy9hV7RfQB,train,TRUE,0,1,0,0,0,0,3,1,1,14,147.73,11.05,3.77,441.96
00589-NS5SeGunqiK,train,TRUE,0,1,0,0,0,0,1,2,1,14,207.6,18.92,2.72,952.55
00590-qgZhhx1MpTi,train,TRUE,0,1,1,0,0,0,2,1,1,10,70.1,5.71,3.92,187.65
00591-JptJPosx1Z6,train,TRUE,0,0,0,0,0,0,1,2,1,19,242.68,20.07,3.18,1416.6
00592-CthA7sQNTPK,train,TRUE,0,0,0,0,0,0,3,2,1,10,83.1,10.83,4.97,225.52
00593-m17UDpW3tHm,train,TRUE,0,1,0,0,0,0,3,2,1,9,34.58,4.7,7.2,108.54
00594-1sPp3Wz8TCB,train,TRUE,0,0,0,0,0,0,3,2,1,10,62.26,9.59,5.84,192.92
00595-TBdN234fGEb,train,TRUE,0,1,0,0,0,0,2,1,1,10,80.99,10.37,3.58,269.39
00596-9SpHCfHaNiG,train,TRUE,0,0,0,0,0,0,1,2,2,7,126.13,8.48,3.51,331.64
00597-D8aaq3PH6dG,train,TRUE,0,1,0,0,0,0,2,2,1,11,132.92,8.71,3.63,267.61
00598-mt9H8KcxRKD,train,TRUE,0,0,0,0,0,0,1,2,2,12,222.44,30.41,3.63,567.37
00599-TiWanpmC63V,train,TRUE,0,1,0,0,0,0,2,1,1,11,129.24,15.06,4.11,289.27
00600-ENhuWpDE5EB,train,TRUE,0,0,0,0,0,0,3,2,1,20,120.35,17.99,4.03,300.11
00601-PjnDyQJJ3eM,train,TRUE,0,0,1,0,1,0,1,1,1,6,78.76,72.94,3.83,171.44
00602-XRHpoTZjtj7,train,TRUE,0,0,0,0,0,0,2,2,1,11,76.49,6.51,4.29,269.57
00603-Xfhi9GYbhqD,train,TRUE,1,1,0,0,1,0,1,2,1,9,42.9,7.73,4.7,356.57
00604-W4r5JssudHR,train,TRUE,0,1,0,0,0,0,2,2,1,8,44.49,5.72,4.88,131.28
00605-T22dejNjHK7,train,TRUE,1,1,0,0,0,0,3,0,1,10,57.97,30.27,5.97,229.17
00606-W16Bm4ysK8v,train,TRUE,0,1,0,0,0,0,2,2,1,10,100.24,13.65,4.1,314.39
00607-JXdzHne1mRo,train,TRUE,0,1,1,0,0,0,3,1,1,9,69.8,23.4,6.07,155.56
00608-j2Nms3h9XJv,train,TRUE,0,0,1,0,0,0,3,2,1,10,46.26,8.45,6.19,130.07
00609-x1pTUWx9DPr,train,TRUE,0,1,0,0,1,0,1,1,1,10,110.11,60.44,3.28,265.57
00610-1EiJpeRNEs1,train,TRUE,0,1,0,1,0,0,2,1,1,7,78.33,6.6,3.23,249.8
00611-PXAfUkZGMdU,train,TRUE,0,1,0,0,0,0,3,2,1,19,279.63,15.03,3,638.19
00612-GsQBY83r3hb,train,TRUE,0,0,0,0,0,0,1,2,1,8,78.22,10.82,2.91,372.88
00613-s19Uyn7AWwv,train,TRUE,0,0,0,0,0,0,3,2,1,14,87.01,14.17,4.58,212.33
00614-ki6Cu76pWzF,train,TRUE,0,1,0,0,0,0,2,2,1,14,154.45,19.36,4.03,662.69
00615-PUNuHY5M7MS,train,TRUE,0,0,1,0,0,0,1,2,1,6,89.15,22.31,2.9,194.16
00616-zhzot8MvSjF,train,TRUE,0,0,0,0,0,0,2,1,1,6,59.02,8.91,4.2,180.56
00617-AENiMBDjVFb,train,TRUE,0,0,0,0,1,0,2,2,1,11,138.65,9.4,4.14,337.15
00618-T4G9hTR5WSv,train,TRUE,0,0,0,0,0,0,2,2,1,12,112.9,19.71,3.67,218.71
00619-R9fYpvCUkV7,train,TRUE,0,0,1,0,1,0,2,2,4,9,172.48,4.23,2.38,321.35
00620-AUkcTmUs8mw,train,TRUE,0,0,1,0,1,0,3,1,1,17,142.5,12.99,5.01,664.99
00621-SAZ4gvMfxm1,train,TRUE,0,0,0,0,0,0,1,2,1,6,52.75,25.57,4.72,161.26
00622-bxwHR9ipFG8,train,TRUE,0,0,0,0,0,0,1,2,1,7,56.18,7.69,3.62,303.37
00623-g7sKCMRfgUS,train,TRUE,1,0,0,0,0,0,2,1,1,6,40.1,16.06,4.6,106.55
00624-ooq3SnvC79d,train,TRUE,0,1,0,0,0,0,1,1,1,10,113.61,16.45,3.24,290.98
00625-VWczCD1Hbus,train,TRUE,0,0,0,0,0,0,1,2,1,6,52.03,7.45,4.3,163.25
00626-XiJhRLvpKpX,train,TRUE,0,0,0,0,0,0,2,2,3,23,416.09,14.89,3.68,2072.28
00627-b2e31HFFizw,train,TRUE,0,0,0,0,0,0,3,2,1,17,308.31,13.96,3.81,786.01
00628-tjs8mFdJ7YN,train,TRUE,0,0,0,0,0,0,1,2,1,8,54.15,8.62,3.72,132.24
00629-MHYu4LWb6qP,train,TRUE,1,1,0,0,1,0,3,0,1,8,49.94,12.73,5.78,127.44
00630-SrBPiU6LKxL,train,TRUE,0,0,0,0,0,0,1,2,2,6,90.55,24.25,3.33,215.88
00631-v3tsKAPVLJS,train,TRUE,0,0,0,0,0,0,2,2,1,25,228.67,14.24,4.26,561.17
00632-kXAEFtUBNFZ,train,TRUE,0,0,0,0,0,0,1,2,1,6,54.41,23.89,4.11,265.78
00633-dDyovSFuViJ,train,TRUE,0,1,0,0,0,0,1,1,1,14,137.63,11.78,3.48,406.8
00634-A1jHexSJuAW,train,TRUE,0,1,0,0,0,0,3,2,1,8,66.08,11.29,4.35,174.91
00635-drvaU627cQh,train,TRUE,0,0,0,0,0,0,3,2,1,7,74.82,5.33,4.46,152.49
00636-FXuXGH9YQTW,train,TRUE,0,1,0,0,0,0,2,1,1,15,192.89,15.14,3.63,486.18
00637-iNpfPhK1sRz,train,TRUE,1,0,0,0,0,1,3,1,1,10,102.42,9.53,4.32,204.03
00638-iePHCSf119p,train,TRUE,0,0,0,0,0,0,1,2,3,1,89.11,22.26,3.74,460.67
00639-AwL2QGztLwV,train,TRUE,0,0,0,0,0,0,2,2,1,8,46.92,5.62,4.21,121.89
00640-qvNra81N8BU,train,TRUE,0,1,0,0,0,0,3,1,1,14,154.55,13.97,1.51,545.61
00641-F8Rw6EWpPRT,train,TRUE,0,1,0,0,0,0,3,1,1,7,258.61,15.71,2.2,1022.61
00642-erfqyP5V4u6,train,TRUE,1,0,1,0,0,0,3,1,1,10,74.75,8.71,4.76,338.33
00643-ggNAcMh8JPT,train,TRUE,1,1,0,0,0,0,3,1,1,12,120.92,9.41,4.53,352.95
00644-njMGKG4iwRK,train,TRUE,0,0,0,0,1,0,2,1,1,6,51.91,5.1,3.81,212.25
00645-rrjjmoZhZCo,train,TRUE,0,1,0,0,1,0,3,1,1,18,193.13,13.77,3.56,395.46
00646-UfhK7KNBg5u,train,TRUE,0,0,0,0,0,0,1,2,1,7,66.58,12.48,2.78,123.78
00647-qpcpnP8TosR,train,TRUE,0,0,0,0,0,0,1,2,2,5,105.65,5,2.67,199.04
00648-yCCyNxubYcL,train,TRUE,0,1,1,0,1,0,2,1,3,6,214.82,4.04,1.94,482.43
00649-RiwBKy2YdQ7,train,TRUE,0,0,0,0,1,0,2,2,1,12,125.63,13.13,3.44,363.41
00650-AqGu9nUng3L,train,TRUE,0,0,0,0,0,0,2,2,1,6,62.43,7.79,3.83,467.74
00651-kQVPtf7ACRw,train,TRUE,1,0,0,0,0,0,2,1,1,14,70.7,4.01,5.43,200.68
00652-BcZUZQ9t4Fe,train,TRUE,0,0,0,1,0,0,1,2,1,8,68.44,7.72,3.11,344.48
00653-4RuxhXRmb3V,train,TRUE,0,0,0,0,0,0,1,2,1,8,98.9,23.17,3.83,523.42
00654-VZy9kKQJcUF,train,TRUE,0,1,0,0,0,0,1,2,5,5,229.16,26.37,2.63,1027.85
00655-q33GehreMrX,train,TRUE,1,0,0,0,0,0,2,1,1,8,72.94,10.58,4.09,208.55
00656-7GvCP12M9fi,train,TRUE,0,1,0,0,1,0,4,1,1,18,233.78,6.68,2.91,742.12
00657-TSJmdttd2GV,train,TRUE,1,1,0,0,0,0,2,2,1,15,75.88,15.19,5.68,356.33
00658-a3JCmxobR99,train,TRUE,0,1,0,0,0,0,1,2,1,8,60.83,11.31,2.88,249.14
00659-ZVPMj4YoZtK,train,TRUE,0,2,0,0,0,0,1,1,1,10,110.47,12.14,3.11,233.73
00660-Pmv1pdeirDT,train,TRUE,0,0,0,0,0,0,3,2,1,15,125.9,10.78,4.13,637.08
00661-SSwbmq72C21,train,TRUE,0,0,0,0,0,0,3,3,1,18,136.89,7.54,5.03,378.73
00662-aRKASs4e8j1,train,TRUE,0,0,0,0,0,0,1,2,2,1,95.79,7.9,2.74,199.17
00663-1Rg1SS1dRpG,train,TRUE,0,0,0,0,0,0,3,2,1,18,195.77,12.98,3.8,523.65
00664-u5atqC7vRCY,train,TRUE,0,1,0,0,0,0,2,2,1,12,114.84,8.27,3.33,305.39
00665-NBuk4gePdJm,train,TRUE,0,1,0,0,0,0,1,1,3,3,153.06,24.07,3.07,1015.07
00666-GNGYKt8XrjF,train,TRUE,0,0,0,0,0,0,1,2,1,12,57.58,14.81,4.4,369.65
00667-5K2dTSVihN7,train,TRUE,0,0,0,0,0,0,2,2,1,16,96.29,8.83,4.6,374.03
00668-6YtDG3FhNvx,train,TRUE,0,0,0,0,1,0,2,2,1,11,44.65,8.02,5.43,128.39
00669-DNWbUAJYsPy,train,TRUE,0,0,0,0,0,0,1,2,1,3,48.34,9.69,3.32,129.99
00670-mDdyQ6azhVD,train,TRUE,0,0,0,0,0,0,1,2,1,6,44.83,7.83,3.34,248.46
00671-knPYW3fibqY,train,TRUE,0,1,0,0,0,0,1,2,1,4,52.84,10.43,3.33,149.89
00672-4L4peQsMgfR,train,TRUE,0,0,0,0,0,0,4,2,1,12,64.5,5.48,5.31,178.47
00673-WpAGGyZFqQj,train,TRUE,0,1,1,0,0,0,2,1,1,12,188.94,14.92,3.12,1177.2
00674-y3dZtLZCUvN,train,TRUE,0,1,0,0,0,0,4,2,1,10,88.46,10.31,5.14,417.92
00675-c6TFyURFrL4,train,TRUE,0,0,0,0,0,0,1,1,2,13,140.91,18.64,2.61,309.93
00676-J5SkB2o1ckv,train,TRUE,0,0,0,0,0,0,1,2,1,8,84.87,8.28,3.12,203.98
00677-CnU5RD6PB3E,train,TRUE,0,1,0,0,0,0,2,2,1,8,51.14,16.48,4.02,223.69
00678-aCtdWA5n56Z,train,TRUE,0,0,0,0,0,0,1,2,1,9,76.44,9.71,3.09,166.45
00679-wFCLkVy4n9U,train,TRUE,0,0,0,0,0,0,1,2,1,7,89.47,8.16,3.05,461.05
00680-YmWinf3mhb5,train,TRUE,0,0,0,0,0,0,1,1,1,5,32.93,4.33,4.7,116.82
00681-QE33dvXyf1U,train,TRUE,1,1,0,0,0,0,2,1,1,6,48.72,8.67,4.88,155.05
00682-6r9GfBG7u1g,train,TRUE,0,0,0,0,0,0,2,2,1,6,134.86,22.21,3.46,686.24
00683-KCvzhHEhdwB,train,TRUE,1,1,1,1,0,0,4,1,1,19,256.17,11.98,4.09,1064.99
00684-D5dEbkUphhr,train,TRUE,0,0,0,1,1,0,1,1,1,5,60.59,9.99,3.39,124.43
00685-ENiCjXWB6aQ,train,TRUE,0,1,0,0,1,0,2,1,1,15,124.86,9.23,3.95,560.68
00686-LU4A39yR8gc,train,TRUE,0,0,0,0,0,0,3,2,1,9,62.91,9.18,4.62,222.03
00687-tj8ngv3woJ3,train,TRUE,0,0,0,1,0,0,1,1,1,8,98.43,10.11,3.21,233.26
00688-SgkmkWjjmDJ,train,TRUE,0,0,0,0,0,0,2,2,1,12,84.06,22.62,4.57,185.74
00689-d88Sc1udFcZ,train,TRUE,0,0,0,0,0,0,1,2,1,8,74.29,11.9,2.88,145.69
00690-p6RF8AUer2e,train,TRUE,0,0,0,0,0,0,2,2,1,8,47.2,5.56,4,165.3
00691-MyxM6trMBUH,train,TRUE,0,0,0,0,0,0,2,2,1,13,149,11.52,4.53,822.42
00692-APXAdV48nKT,train,TRUE,0,1,1,0,0,0,1,1,1,10,60.02,10.86,4.63,178.11
00693-adddVdvEXUK,train,TRUE,0,0,0,0,0,0,1,2,1,6,25.19,8.58,4.4,74.08
00694-Lva3QmSMsTr,train,TRUE,0,1,0,0,0,0,1,1,1,13,128.54,10.82,3.24,565.54
00695-BJovXQkqbC3,train,TRUE,1,1,1,0,0,0,3,0,1,11,123.09,5.34,4.44,278.03
00696-DsEJeNPcZtE,train,TRUE,0,1,0,0,1,0,2,1,1,15,120.63,15.42,3.32,268.7
00697-5vUupbRRdyH,train,TRUE,0,1,0,0,0,0,3,2,1,11,72.21,8.06,5.1,172.87
00698-SrHVAbHUpUX,train,TRUE,1,1,0,0,0,0,3,1,1,10,91.92,8.98,4.48,232.13
00699-gyK27yu7CP4,train,TRUE,1,0,0,0,1,0,3,1,1,17,98.58,10.74,5.02,263.31
00700-aosjAwX5Lnq,train,TRUE,0,0,0,1,0,0,1,1,4,2,215.83,27.33,2.03,384.68
00701-tpxKD3awofe,train,TRUE,0,0,0,0,1,0,1,2,1,3,24.05,8,5.11,99.73
00702-wCqnXzoru3X,train,TRUE,0,0,0,0,1,0,2,2,1,12,156.24,13.73,3.54,436.1
00703-xvDx98avcwd,train,TRUE,0,1,0,0,0,0,2,1,1,16,204.78,16.49,3.36,460.43
00704-qnKYFQsjnHf,train,TRUE,1,0,0,0,0,0,3,2,1,12,41.01,8.99,6.57,115.68
00705-2XVvKEDd54w,train,TRUE,0,1,0,0,0,0,3,1,1,16,144.18,7.51,4.46,305.69
00706-YHmAkqgwe2p,train,TRUE,0,0,0,,0,0,1,2,1,5,36.09,17.78,4.08,110.49
00707-XVSZJAtHKdi,train,TRUE,0,0,0,0,0,1,2,2,5,17,258.86,36.12,3.77,1216.71
00708-eUJx9a4u63E,train,TRUE,0,0,0,0,0,0,2,2,1,7,59.23,18.53,4.63,277.14
00709-8LLjiNrWzJ9,train,TRUE,0,0,0,0,0,0,1,1,1,7,216.48,36.65,2.97,909.95
00710-DGXRxHddGAW,train,TRUE,0,0,0,0,0,0,2,2,1,7,41.76,10.74,3.2,132.71
00711-tTcuEfoAQXv,train,TRUE,0,0,1,0,0,1,3,2,1,14,144.54,11.53,3.64,238.06
00712-HZ2iMMBsBQ9,train,TRUE,0,0,0,0,1,0,1,2,1,9,74.27,14.6,3.82,188.05
00713-kxWk8ZMDE1N,train,TRUE,0,0,1,0,0,0,1,2,1,8,50.58,8.05,3.19,112.22
00714-Nf3aGQTDAA1,train,TRUE,0,0,0,0,0,0,4,2,5,4,85.71,18.3,4.89,176.46
00715-kjUg7BaQF1C,train,TRUE,0,0,0,0,0,0,1,2,1,14,252.54,28.79,2.05,449.39
00716-VaEwVD182FS,train,TRUE,0,0,0,0,0,0,1,2,1,4,42.49,9.14,4.07,146.77
00717-wtaQdtXzYtD,train,TRUE,0,1,0,0,0,0,3,1,1,15,136.34,6.24,4.79,420.21
00718-ASKXmHbw68X,train,TRUE,0,0,0,0,0,0,2,1,1,7,58.97,8.49,3.71,117.9
00719-CKbwkKufMWM,train,TRUE,1,1,0,0,1,0,4,1,1,28,206.78,7.92,5.26,496.94
00720-8B43pG641ff,train,TRUE,0,0,0,0,0,0,3,2,1,12,163.11,45.58,3.98,484.83
00721-YGc1h9nNrJP,train,TRUE,0,0,0,0,0,0,2,2,1,6,39.78,30.98,3.71,90.45
00722-EU6QPFpqdoU,train,TRUE,0,0,0,0,0,0,1,2,1,3,50.36,10.71,2.84,118.1
00723-hWDDQnSDMXb,train,TRUE,0,0,0,0,0,0,2,2,1,19,189.94,20.97,3.87,1132.57
00724-H77MhktmmAF,train,TRUE,0,1,0,0,0,0,2,1,1,14,202.56,12.77,3.25,496.07
00725-5uXtMs57HmZ,train,TRUE,0,0,0,0,0,0,3,1,1,13,178.01,13.81,2.77,438.78
00726-sNikFfBW8zM,train,TRUE,0,1,0,0,0,0,2,2,1,9,119.13,11.84,3.11,353.79
00727-WEDXu8bWRkq,train,TRUE,0,1,0,0,0,0,2,1,1,10,84.21,7.26,3.35,334.95
00728-rWHyWNc6ZbZ,train,TRUE,0,1,1,0,0,0,3,1,1,9,126.07,14.51,4.03,301.93
00729-PyZonHqd5gy,train,TRUE,1,0,1,0,0,0,5,1,1,32,215.21,11.62,5.59,595.56
00730-UYrgg12a7QN,train,TRUE,0,0,0,0,0,0,2,2,1,19,168.75,8.33,4.05,714.76
00731-oXzJVhUhmYe,train,TRUE,0,0,0,0,0,0,3,2,1,15,43.44,5.64,6.61,212.69
00732-Z2DQddYp1fn,train,TRUE,0,1,0,0,1,0,2,1,1,9,134.78,10.55,4.5,576.68
00733-GtM3JtRvvvR,train,TRUE,0,0,0,0,0,0,1,2,1,9,96.07,14.48,2.89,224.11
00734-4dtmWCb8CDk,train,TRUE,0,1,0,0,0,0,2,1,1,19,113.84,6.03,4.79,993.46
00735-ypcVfePF8TG,train,TRUE,0,1,0,0,0,0,3,2,1,16,126.33,9.56,3.92,511.08
00736-h5VYFcePkbn,train,TRUE,0,0,0,0,0,0,2,2,1,9,122.18,14.31,3.27,306.22
00737-ZhXWtW1gd6c,train,TRUE,0,0,0,0,0,0,1,2,1,6,68.03,15.13,2.9,290.96
00738-GPyDUnjwZQy,train,TRUE,1,2,0,0,0,0,3,0,1,6,61.54,13.41,5.33,198.64
00739-MfkErJj6CHF,train,TRUE,0,0,0,0,0,0,2,2,1,12,53.49,11.41,5.58,146.36
00740-cFqWyQ4Y9hT,train,TRUE,0,0,0,0,0,0,2,2,1,9,124.25,27.19,3.11,530.8
00741-w8GiikYuFRk,train,TRUE,0,1,0,0,0,0,1,2,4,7,86.58,14.44,3.34,226.79
00742-aYhkzj2fEhP,train,TRUE,0,1,1,0,1,0,3,1,1,18,135.44,10.36,5.06,322.2
00743-31DHHWieDMS,train,TRUE,0,1,0,0,0,0,2,2,1,16,182.83,9.2,4.13,632.51
00744-1S7LAXRdDqK,train,TRUE,0,0,0,0,1,0,2,1,1,10,80.42,5.49,4.69,436.31
00745-yX5efd48dLf,train,TRUE,0,1,0,1,0,0,1,2,1,11,66.08,8.03,3.21,526.56
00746-RTV2n6fXB2w,train,TRUE,0,0,0,0,0,0,2,2,1,9,42.86,5.75,5.77,124.11
00747-ZKqtodH1qpa,train,TRUE,0,0,0,0,0,0,2,1,1,9,178.08,10.82,2.64,450.81
00748-8QtyGUUtacf,train,TRUE,0,0,0,0,0,0,2,2,1,8,67.38,12.18,3.28,231.73
00749-w3ZK3Wxvidz,train,TRUE,0,1,0,0,0,0,2,2,1,10,38.89,5.04,5.5,149.03
00750-E1NrAhMoqvB,train,TRUE,0,1,0,0,1,0,1,1,1,10,148.53,13.81,3.1,324.88
00751-DZsJKHoqEYg,train,TRUE,1,1,0,0,0,0,1,1,1,9,54.53,22.65,3.87,132.9
00752-vKuDtqxh7YQ,train,TRUE,1,0,1,0,0,0,4,1,1,20,160.81,4.77,5.45,427.23
00753-hTTnuAeSN6d,train,TRUE,0,1,1,0,0,0,1,2,1,9,114.31,23.27,2.9,472.34
00754-EqZacbtdApE,train,TRUE,0,1,0,0,0,0,2,1,1,10,96.81,9.43,3.92,240.39
00755-UAGeBzZJgkU,train,TRUE,0,0,0,0,0,0,2,2,1,14,132.9,11.48,3.95,454.71
00756-1K7P6ZQS4VM,train,TRUE,0,0,0,0,0,0,2,2,1,11,90.96,12.78,4.1,209.03
00757-LVgQNuK8vtv,train,TRUE,0,0,0,0,0,0,3,2,1,14,91.96,11.06,5.62,296.02
00758-HfMobPm86Xn,train,TRUE,0,1,0,0,0,0,1,2,1,17,180.86,29.82,3.62,630.17
00759-8iCxzGNmp4g,train,TRUE,0,1,0,0,0,0,1,2,1,11,85.33,9.4,3.41,228.49
00760-5Poh4Qz68hd,train,FALSE,0,0,0,0,0,2,1,2,1,8,77.51,15.89,2.13,150.45
00761-s7kPJndncRy,train,FALSE,0,0,0,0,0,2,2,2,1,12,124.58,20.48,2.62,217.88
00762-33ypawbKCQf,train,FALSE,0,0,0,0,0,2,1,2,1,6,88.41,12.26,1.82,126.34
00763-pVnwDTdMD3h,train,FALSE,1,0,0,0,0,2,3,2,1,10,139.37,17.52,2.34,208.03
00764-rzzVnFnBLtg,train,FALSE,0,1,1,0,0,2,1,2,1,12,153.12,24.04,2,259.65
00765-AuGMayXVFkc,train,FALSE,0,0,0,0,0,2,2,2,1,8,65.16,14.82,2.36,112.6
00766-XxbS57Z6PDU,train,FALSE,1,0,0,0,0,2,2,2,1,13,90.62,11.03,3.93,177.45
00767-Yr35Q49vqwV,train,FALSE,0,0,0,0,0,2,2,2,1,6,75.51,8.98,2.56,143.48
00768-Gg8W275oKZE,train,FALSE,0,0,0,0,0,2,2,2,1,11,305.16,38.98,1.85,502.88
00769-F1Vhvu3osn6,train,FALSE,0,0,0,0,0,2,2,2,1,6,45.74,7.92,3.66,200.22
00770-NBg5UqG3di3,train,FALSE,0,0,0,0,0,2,1,2,1,19,299.44,23.28,1.87,572.98
00771-8oSQng53cGV,train,FALSE,0,0,0,0,0,2,2,2,1,9,88.78,9.92,3.33,159
00772-zJ3fVx3BZYR,train,FALSE,0,0,0,0,0,2,1,2,1,7,227.59,21.18,1.86,420.82
00773-9K1WbyTZ456,train,FALSE,0,0,0,0,0,2,2,2,1,11,123.58,11.73,2.61,188.19
00774-S3YyrKoJ7k6,train,FALSE,0,0,0,0,0,2,2,2,1,10,99.51,11.23,2.26,203.21
00775-3z5dc2yzyCb,train,FALSE,0,0,0,0,0,2,2,2,1,13,168.48,22.83,2.68,265.6
00776-qxwfVS8MQ67,train,FALSE,0,0,0,0,0,2,1,2,1,6,76.06,9.26,2.04,145.22
00777-N17ddiDvJr9,train,FALSE,0,0,0,0,0,2,1,2,1,17,219.86,21.28,1.79,398.79
00778-vj4rZPfVjBQ,train,FALSE,0,0,0,0,0,2,2,2,1,7,86.73,16.23,2.6,132.68
00779-3YSDRj9kTU7,train,FALSE,0,0,0,0,0,2,2,2,1,9,117.96,21.5,2.11,182.37
00780-3iZkJUc7KhX,train,FALSE,0,0,0,0,0,2,1,2,1,5,79.73,12.4,2,126.1
00781-6TPCFES8fhh,train,FALSE,0,0,0,0,0,2,1,2,1,7,75.87,20.54,2.05,125.23
00782-oQPVc6vwgaq,train,FALSE,0,0,0,0,0,2,2,2,1,8,90.7,11.71,2.13,168.71
00783-J9adB1bm54A,train,FALSE,0,0,0,0,0,2,2,2,1,9,110.74,11.3,1.93,297.8
00784-pYGGNqSbHp1,train,FALSE,0,0,0,0,0,2,1,2,1,10,115.2,9.04,2.25,224.53
00785-AdNTcRg3THp,train,FALSE,0,0,0,0,0,2,1,2,1,8,98.41,20.94,2.14,169.19
00786-E9hxHD5h4FY,train,FALSE,0,0,0,0,0,2,1,2,1,7,118.84,11.65,2.05,366.85
00787-S9M7ybC5ZHu,train,FALSE,0,0,0,0,0,2,3,2,1,13,178.34,10.43,2.59,281.13
00788-BEuB32yj7Fb,train,FALSE,0,0,0,0,1,2,2,2,1,9,83.88,13.25,2.78,176.04
00789-UAByLdpaokx,train,FALSE,0,0,0,0,0,2,1,2,1,9,107.54,16.03,1.99,183.65
00790-qQgcM8T4hiD,train,FALSE,0,1,0,0,0,2,2,2,1,20,335.2,17.43,1.98,699.1
00791-JPMDv7zL4bF,train,FALSE,0,0,0,0,0,2,1,2,1,8,132.29,21.7,1.54,226.24
00792-4tdJ3qe1x7P,train,FALSE,0,0,0,0,0,2,4,2,5,93,2610.05,42.76,2.05,8216.26
00793-NRsmXFcVTbN,train,FALSE,0,0,0,0,0,2,1,2,1,7,74.42,19.06,1.69,107.09
00794-WRphMcFxfhe,train,FALSE,0,0,0,0,0,2,1,2,1,8,93.06,27.22,1.97,140.87
00795-awcRF7AZnJu,train,FALSE,0,0,0,0,0,2,4,2,1,13,170.09,17.58,2.95,258.35
00796-m49MsVC7BwA,train,FALSE,0,0,0,0,0,2,1,2,1,7,67.5,15.65,1.96,106.6
00797-99ML7CGPqsQ,train,FALSE,0,0,0,0,0,2,1,2,1,7,121.38,8.42,1.62,199.52
00798-bpqKLXHnxei,train,FALSE,0,0,1,0,0,2,1,2,1,10,88.67,18.23,2.11,211.19
00799-deNrXzuSss5,train,FALSE,0,0,0,0,0,2,2,2,1,17,207.71,8.16,2.12,486.12
00800-TEEsavR23oF,val,TRUE,0,0,0,0,0,0,2,2,1,7,79.96,6.28,4.25,398.3
00801-HaxA7YrQdEC,val,TRUE,0,0,0,0,0,0,2,2,1,9,71.38,7,3.82,400.7
00802-wcojb4TFT35,val,TRUE,0,0,0,0,0,0,3,2,1,15,127.97,9.38,4.95,383.63
00803-k1cupFYWXJ6,val,TRUE,0,1,0,0,0,0,8,2,5,12,251.7,5.36,3.15,644.74
00804-BHXhpBwSMLh,val,TRUE,0,0,0,0,0,0,1,2,1,10,111.42,11.16,3.75,255.71
00805-SUHsP6z2gcJ,val,TRUE,0,0,0,0,0,0,1,1,1,9,115.79,18.89,3.41,550.33
00806-tQ5s4ShP627,val,TRUE,0,0,0,0,1,0,3,1,1,8,104.05,25.88,3.66,321.04
00807-rsggHU7g7dh,val,TRUE,0,1,0,0,0,0,1,2,1,14,256.24,12.4,2.68,898.55
00808-y9hTuugGdiq,val,TRUE,0,1,0,0,0,0,3,1,1,19,154.09,12.46,4.29,541.93
00809-Qpor2mEya8F,val,TRUE,0,0,1,0,1,0,3,2,1,21,191.13,11.56,4.64,407.5
00810-CrMo8WxCyVb,val,TRUE,0,1,0,0,0,0,2,1,1,10,108.06,17.34,4.41,369.78
00811-7UrtFsADwob,val,TRUE,0,1,0,0,0,0,2,1,1,6,56.89,7.38,3.74,274.68
00812-mma8eWq3nNQ,val,TRUE,0,1,0,0,0,0,1,1,1,8,66.83,16.5,3.65,366.66
00813-svBbv1Pavdk,val,TRUE,0,0,0,1,0,0,1,2,1,8,75.78,13.07,3.08,147.03
00814-p53SfW6mjZe,val,TRUE,0,2,0,0,1,0,3,0,1,19,232.78,10.99,3.9,1005.29
00815-h1zeeAwLh9Z,val,TRUE,1,0,0,0,0,0,2,2,1,18,103.46,6.47,4.29,321.51
00816-q3hn1WQ12rz,val,TRUE,1,0,0,0,0,0,3,1,1,11,61.88,14.03,6.06,156.35
00817-X4qjx5vquwH,val,TRUE,0,1,0,0,0,0,3,1,1,18,261.46,17.78,3.41,487.31
00818-rJhMRvNn4DS,val,TRUE,0,1,0,0,0,0,2,2,1,6,60.4,5.49,4.87,153.78
00819-6D36GQHuP8H,val,TRUE,0,0,0,0,0,0,2,2,1,12,90,7.65,4.13,282.51
00820-mL8ThkuaVTM,val,TRUE,0,0,1,0,0,0,3,2,1,12,51.64,11.51,6.36,230.58
00821-eF36g7L6Z9M,val,TRUE,1,0,1,0,0,0,2,1,1,11,270.82,23.58,3.04,1187.27
00822-nrA1tAA17Yp,val,TRUE,0,0,0,0,0,0,2,2,1,7,95.7,6.46,4.38,272.14
00823-7MXmsvcQjpJ,val,TRUE,0,1,0,0,0,0,4,1,1,19,97.41,11.87,6.9,478.86
00824-Dd4bFSTQ8gi,val,TRUE,0,1,0,0,0,0,1,1,1,10,78.96,21.37,3.18,185.76
00825-jgPBycuV1Jq,val,TRUE,0,0,0,0,0,0,3,1,1,12,102.48,15.5,3.76,199.15
00826-BFRyYbPCCPE,val,TRUE,0,0,0,0,0,0,2,2,1,4,31.31,7.31,4.6,108.73
00827-BAbdmeyTvMZ,val,TRUE,0,0,0,0,0,0,1,2,1,8,65.16,18.59,3.72,177.42
00828-X7gTkoDHViv,val,TRUE,0,0,1,0,0,0,1,2,1,4,53.77,11.5,3.42,126.16
00829-QaLdnwvtxbs,val,TRUE,0,1,0,0,0,0,1,1,1,6,51.21,14.41,3.47,119.56
00830-5jp3fCRSRjc,val,TRUE,0,0,1,0,0,0,2,1,1,17,216.36,12.44,3.32,619.65
00831-yr17PDCnDDW,val,TRUE,0,0,0,0,0,0,2,2,2,2,292.12,8.29,2.7,917.8
00832-qyAac8rV8Zk,val,TRUE,0,1,0,0,0,0,3,1,1,10,80.31,9.8,4.26,220.88
00833-dHwjuKfkRUR,val,TRUE,0,0,0,0,0,0,3,2,1,16,171.46,10.57,3.75,920.15
00834-AWUFxHEyV3T,val,TRUE,0,0,0,0,0,0,1,1,1,10,89.01,13.25,3.52,499.57
00835-q3zU7Yy5E5s,val,TRUE,0,0,0,0,1,0,2,1,1,9,36.12,8.34,5.43,156.93
00836-7GAhQPFzMot,val,TRUE,0,0,0,0,0,0,3,2,1,9,66.7,14.36,5.55,187.25
00837-vBMLrTe4uLA,val,TRUE,0,0,0,0,0,0,2,2,1,8,87.79,11.65,3.89,184.48
00838-kJJyRFXVpx2,val,TRUE,0,0,0,0,1,0,2,2,1,12,96.85,10.51,4.15,349.38
00839-zt1RVoi7PcG,val,TRUE,0,1,0,0,0,0,2,1,1,15,132.2,9.83,3.96,415.65
00840-z9YwN9M8FpG,val,TRUE,0,1,0,0,0,0,3,2,1,10,99.13,12.31,5.16,324.86
00841-SByzJLxpRGn,val,TRUE,0,0,0,0,0,0,3,2,1,12,125.57,13.33,4.78,314.6
00842-hkr2MGpHD6B,val,TRUE,1,1,1,0,0,0,2,1,1,8,192.16,14.62,3.57,352.46
00843-DYehNKdT76V,val,TRUE,0,1,0,0,0,0,2,2,1,4,71.47,9.89,4.15,255.87
00844-q5QZSEeHe5g,val,TRUE,0,0,0,0,1,0,3,2,1,18,143.7,21.38,5.27,420.91
00845-c3WKCnkEdha,val,TRUE,0,0,0,0,0,0,1,1,1,12,47.69,17.93,5.02,114.62
00846-LNg5mXe1BDj,val,TRUE,0,0,0,0,0,0,2,2,1,10,107.46,7.31,4.87,278.64
00847-bCPU9suPUw9,val,TRUE,1,0,1,0,0,0,3,1,1,9,67.86,5.29,5.29,182.26
00848-ziup5kvtCCR,val,TRUE,0,0,0,0,0,0,1,2,1,8,64.42,12.81,3.42,322.97
00849-a8BtkwhxdRV,val,TRUE,0,0,0,0,1,0,2,2,1,13,73.15,11.13,4.57,330.52
00850-W7k2QWzBrFY,val,TRUE,0,1,0,0,1,0,2,1,1,11,65.86,16.01,4.88,335.23
00851-YRUkbU5xsYj,val,TRUE,0,0,0,0,0,0,3,1,1,17,233.61,17.89,3.48,606.52
00852-T6nG3E2Uui9,val,TRUE,0,1,1,0,0,0,3,1,1,11,61.45,7.97,6.49,164.14
00853-5cdEh9F2hJL,val,TRUE,0,0,0,0,0,0,1,2,1,6,77.86,14.77,3.67,207.63
00854-SiKqEZx7Ejt,val,TRUE,0,1,0,0,0,0,1,1,3,6,71.75,5.28,4.07,357.16
00855-c5eTyR3Rxyh,val,TRUE,0,0,0,0,0,0,1,2,1,8,53.4,5.96,3.34,149.03
00856-FnSn2KSrALj,val,TRUE,0,0,0,0,0,0,1,2,1,5,55.64,7.89,3.15,137.97
00857-L53DsRRk4Ch,val,TRUE,0,1,0,0,0,0,1,2,1,5,56.41,11.15,2.93,115.77
00858-cYkrGrCg2kB,val,TRUE,1,1,0,0,0,0,3,1,1,13,141.23,6.95,4.56,446.15
00859-3t8DB4Uzvkt,val,TRUE,0,1,0,0,0,0,2,2,1,14,165.23,19.78,3.57,353.71
00860-RJaJt8UjXav,val,TRUE,0,0,0,0,0,0,1,2,1,5,52.79,9.4,3.12,122.44
00861-GLAQ4DNUx5U,val,TRUE,0,1,0,0,0,0,2,1,1,14,126.02,14.45,4.29,555.86
00862-LT9Jq6dN3Ea,val,TRUE,0,0,0,0,0,0,3,2,1,26,276.97,18.13,3.06,558.24
00863-b28CWbpQvor,val,TRUE,1,1,0,1,0,0,2,1,1,15,225.91,10.24,3.75,639.66
00864-QHhQZWdMpGJ,val,TRUE,0,0,0,0,0,0,2,2,1,11,124.46,11.11,3.28,226.61
00865-fsQtJ8t3nTf,val,TRUE,1,0,0,0,1,0,2,1,1,2,43.27,20.64,4.87,192.1
00866-XNeHsjL6nBB,val,TRUE,0,1,1,0,1,0,2,1,4,6,86.67,14.09,4.31,183.36
00867-uLz9jNga3kC,val,TRUE,0,1,0,0,0,0,2,1,1,8,51.24,13.02,4.76,196.61
00868-vd3HHTEpmyA,val,TRUE,0,1,1,0,0,0,3,1,1,25,157.32,22,4.37,478.77
00869-MHPLjHsuG27,val,TRUE,0,0,0,0,2,0,2,2,1,7,35.14,7.31,5.44,127.48
00870-AYpsNQsWncn,val,TRUE,0,0,0,0,0,0,1,2,1,8,111.08,9.02,4.89,243.57
00871-VBzV5z6i1WS,val,TRUE,0,1,0,0,0,0,1,2,1,9,60.57,4.81,3.68,235.03
00872-F7EAMsdDASd,val,TRUE,1,1,0,0,0,0,2,1,1,10,36.59,27.25,6.16,183.67
00873-bxsVRursffK,val,TRUE,0,1,0,0,0,0,2,1,1,9,66.2,10.34,4.46,209.14
00874-uSKXQ5fFg6u,val,TRUE,0,1,0,0,0,0,1,1,1,4,54.23,16.51,3.34,239.64
00875-66seV3BWPoX,val,TRUE,0,0,0,0,0,0,2,2,1,6,56.14,10.16,3.68,240.24
00876-mv2HUxq3B53,val,TRUE,0,1,0,0,0,0,1,1,1,14,148.07,7.65,3.04,856.17
00877-4ok3usBNeis,val,TRUE,0,1,0,0,0,0,2,1,1,8,75.36,8.34,3.83,240.78
00878-XB4GS9ShBRE,val,TRUE,1,1,0,0,0,0,3,1,1,10,46.08,6.02,5.42,139.97
00879-7Ukhou1GxYi,val,TRUE,0,0,0,0,1,0,1,2,1,15,125.98,27.82,3.32,293.81
00880-Nfvxx8J5NCo,val,TRUE,0,0,0,0,0,0,1,2,1,11,69.77,16,3.58,347.35
00881-u1bkiGRVyu9,val,TRUE,0,0,0,1,0,0,2,1,1,10,83.59,7.47,4.4,228.16
00882-rXXL6twQiWc,val,TRUE,0,0,1,0,0,0,2,1,1,12,133.26,13.71,3.98,722.76
00883-u8ug2rtNARf,val,TRUE,0,1,1,0,0,0,1,2,1,9,44.59,6.87,5.06,137.63
00884-XMHNu9rRQ1y,val,TRUE,0,1,0,0,0,0,3,2,1,30,186.7,11.67,4.88,520.1
00885-dVW2D7TDctW,val,TRUE,0,0,0,0,0,0,1,2,1,9,137.15,15.71,3.19,675.64
00886-TPhiubUHKcP,val,TRUE,0,0,0,0,0,0,2,2,1,8,56.99,23.51,4.75,310.66
00887-hyFzGGJCSYs,val,TRUE,0,0,0,0,0,0,2,2,1,11,57.18,7.15,5.27,309.98
00888-hDBqLgydy1n,val,TRUE,0,0,0,1,0,0,3,2,1,8,87.77,9.01,3.76,271.26
00889-HMkoS756sz6,val,TRUE,0,0,0,0,0,0,2,1,1,8,57.95,11.57,4.28,137.11
00890-6s7QHgap2fW,val,TRUE,0,0,1,0,1,0,2,1,1,9,73.17,30.07,4.99,202.88
00891-cvZr5TUy5C5,val,TRUE,0,1,0,0,0,0,3,1,1,19,207.12,7.36,4.04,546.46
00892-bzCsHPLDztK,val,TRUE,1,0,0,0,0,0,2,2,1,8,66.17,8.92,4.71,230.64
00893-yZME6UR9dUN,val,TRUE,0,0,0,0,0,0,3,2,1,15,170.72,10.84,3.91,323.08
00894-HY1NcmCgn3n,val,TRUE,0,0,0,0,0,0,1,2,4,4,185.99,6.27,2.48,339.54
00895-auFeVz9Go4m,val,FALSE,0,0,0,0,0,2,2,2,1,12,186.03,25.65,1.76,288.08
00896-5hGmubEE6ZF,val,FALSE,0,0,0,0,0,2,1,2,1,6,71.49,13.36,1.82,111.31
00897-LEFTm3JecaC,val,FALSE,0,0,0,0,0,2,2,2,1,14,125.98,21.09,2.79,187.4
00898-8CRYizAb6yd,val,FALSE,0,1,0,0,0,2,1,2,1,8,65.8,18.81,2.02,109.45
00899-58NLZxWBSpk,val,FALSE,0,0,0,0,0,2,3,2,1,7,86.57,5.93,3.13,132.12
